old_locus_tag	protein_id
sync_0001	WP_011617992.1
sync_0002	WP_011617993.1
sync_0003	WP_011617994.1
sync_0004	WP_011617995.1
sync_0005	WP_011617996.1
sync_0006	WP_369791614.1
sync_0007	WP_011617998.1
sync_0008	WP_011617999.1
sync_0009	WP_011618000.1
sync_0010	WP_011618001.1
sync_0011	WP_011618002.1
sync_0012	WP_011618003.1
sync_0013	WP_011618004.1
sync_0014	WP_011618005.1
sync_0015	WP_011618006.1
sync_0016	WP_011618007.1
sync_0017	WP_237699319.1
sync_0018	WP_041426202.1
sync_0019	WP_011618010.1
sync_0020	WP_041426203.1
sync_0021	WP_237699236.1
sync_0022	WP_041426204.1
sync_0023	WP_041426205.1
sync_0024	WP_011618015.1
sync_0025	WP_011618016.1
sync_0026	WP_011618017.1
sync_0027	WP_011618018.1
sync_0028	WP_011618019.1
sync_0029	WP_011618020.1
sync_0030	WP_011618021.1
sync_0031	WP_011618022.1
sync_0032	WP_011618023.1
sync_0033	WP_011618024.1
sync_0034	WP_011618025.1
sync_0035	WP_011618026.1
sync_0036	WP_011618027.1
sync_0037	WP_011618028.1
sync_0038	WP_041426818.1
sync_0039	WP_041426820.1
sync_0040	WP_011618031.1
sync_0041	WP_011618032.1
sync_0042	WP_011618033.1
sync_0043	WP_041426210.1
sync_0045	WP_011618035.1
sync_0046	WP_049750374.1
sync_0047	WP_011618037.1
sync_0048	WP_237699238.1
sync_0049	WP_041426822.1
sync_0050	WP_041426216.1
sync_0051	WP_011618041.1
sync_0052	WP_011618042.1
sync_0053	WP_011618043.1
sync_0054	WP_011618044.1
sync_0055	WP_041426218.1
sync_0056	WP_041426823.1
sync_0057	WP_011618047.1
sync_0058	WP_006855011.1
sync_0059	WP_011618048.1
sync_0060	WP_148201789.1
sync_0061	WP_011618050.1
sync_0062	WP_011618051.1
sync_0063	WP_011618052.1
sync_0064	WP_011618053.1
sync_0065	WP_011618054.1
sync_0066	WP_011618055.1
sync_0067	WP_011618056.1
sync_0068	WP_011618057.1
sync_0069	WP_011618058.1
sync_0070	WP_041426222.1
sync_0071	WP_011618060.1
sync_0072	WP_011618061.1
sync_0073	WP_041426224.1
sync_0074	WP_011618063.1
sync_0075	WP_011618064.1
sync_0076	WP_011618065.1
sync_0077	WP_011618066.1
sync_0078	WP_237699239.1
sync_0079	WP_237699240.1
sync_0080	WP_006855033.1
sync_0081	WP_011618069.1
sync_0083	WP_011618070.1
sync_0084	WP_011618071.1
sync_0085	WP_237699241.1
sync_0086	WP_011618073.1
sync_0088	WP_011618075.1
sync_0089	WP_041426230.1
sync_0090	WP_011618077.1
sync_0091	WP_011618078.1
sync_0092	WP_011618079.1
sync_0093	WP_041426233.1
sync_0094	WP_041426827.1
sync_0095	WP_011618082.1
sync_0096	WP_011618083.1
sync_0097	WP_011618084.1
sync_0098	WP_011618085.1
sync_0099	WP_041426235.1
sync_0100	WP_011618087.1
sync_0101	WP_011618088.1
sync_0102	WP_011618089.1
sync_0103	WP_011618090.1
sync_0104	WP_041426238.1
sync_0105	WP_011618092.1
sync_0106	WP_041426242.1
sync_0107	WP_011618094.1
sync_0108	WP_011618095.1
sync_0109	WP_011618096.1
sync_0110	WP_011618097.1
sync_0111	WP_011618098.1
sync_0112	WP_011618099.1
sync_0113	WP_011618100.1
sync_0114	WP_041426245.1
sync_0115	WP_011618102.1
sync_0116	WP_011618103.1
sync_0117	WP_006042532.1
sync_0118	WP_011618104.1
sync_0119	WP_011618105.1
sync_0120	WP_041426248.1
sync_0121	WP_193328836.1
sync_0122	WP_011618108.1
sync_0123	WP_011618109.1
sync_0124	WP_011618110.1
sync_0125	WP_011618111.1
sync_0126	WP_011618112.1
sync_0127	WP_011618113.1
sync_0128	WP_011618114.1
sync_0129	WP_011618115.1
sync_0130	WP_011618116.1
sync_0131	WP_011618117.1
sync_0132	WP_038014040.1
sync_0133	WP_006042515.1
sync_0134	WP_011618119.1
sync_0135	WP_011618120.1
sync_0136	WP_011618121.1
sync_0139	WP_011618124.1
sync_0140	WP_041426254.1
sync_0141	WP_041426256.1
sync_0142	WP_011618127.1
sync_0143	WP_011618128.1
sync_0144	WP_148201791.1
sync_0145	WP_041426261.1
sync_0146	WP_011618131.1
sync_0147	WP_011618132.1
sync_0149	WP_148201792.1
sync_0150	WP_011618135.1
sync_0151	WP_011618136.1
sync_0152	WP_011618137.1
sync_0153	WP_011618138.1
sync_0154	WP_011618139.1
sync_0155	WP_041426262.1
sync_0156	WP_011618141.1
sync_0157	WP_011618142.1
sync_0158	WP_011618143.1
sync_0159	WP_011618144.1
sync_0160	WP_011618145.1
sync_0162	WP_011618147.1
sync_0164	WP_011618149.1
sync_0165	WP_237699242.1
sync_0166	WP_011618151.1
sync_0168	WP_011618153.1
sync_0169	WP_011618154.1
sync_0170	WP_011618155.1
sync_0171	WP_011618156.1
sync_0172	WP_011618157.1
sync_0173	WP_011618158.1
sync_0174	WP_049750307.1
sync_0175	WP_011618160.1
sync_0176	WP_011618161.1
sync_0177	WP_148201795.1
sync_0178	WP_011618163.1
sync_0179	WP_148201796.1
sync_0180	WP_041426270.1
sync_0181	WP_011618166.1
sync_0182	WP_011618167.1
sync_0183	WP_011618168.1
sync_0184	WP_011618169.1
sync_0185	WP_041426272.1
sync_0186	WP_011618171.1
sync_0187	WP_041426273.1
sync_0189	WP_011618174.1
sync_0190	WP_011618175.1
sync_0192	WP_011618177.1
sync_0194	WP_011618179.1
sync_0195	WP_011618180.1
sync_0196	WP_011618181.1
sync_0197	WP_041426278.1
sync_0198	WP_011618183.1
sync_0199	WP_011618184.1
sync_0200	WP_011618185.1
sync_0202	WP_011618186.1
sync_0203	WP_011618187.1
sync_0204	WP_011618188.1
sync_0205	WP_041426838.1
sync_0206	WP_083756083.1
sync_0207	WP_041426281.1
sync_0208	WP_237699294.1
sync_0209	WP_011618193.1
sync_0210	WP_011618194.1
sync_0211	WP_011618195.1
sync_0212	WP_011618196.1
sync_0213	WP_049750308.1
sync_0214	WP_041426283.1
sync_0215	WP_011618199.1
sync_0216	WP_011618200.1
sync_0217	WP_011618201.1
sync_0219	WP_041426284.1
sync_0220	WP_369791615.1
sync_0221	WP_011618205.1
sync_0222	WP_011618206.1
sync_0223	WP_041426841.1
sync_0224	WP_041426286.1
sync_0226	WP_041426287.1
sync_0227	WP_011618211.1
sync_0228	WP_041426289.1
sync_0229	WP_011618213.1
sync_0230	WP_041426290.1
sync_0231	WP_011618215.1
sync_0232	WP_011618216.1
sync_0233	WP_011618217.1
sync_0234	WP_011618218.1
sync_0236	WP_011618220.1
sync_0237	WP_006853746.1
sync_0238	WP_006853745.1
sync_0239	WP_006853744.1
sync_0240	WP_011618221.1
sync_0241	WP_011618222.1
sync_0242	WP_041426843.1
sync_0243	WP_011618224.1
sync_0244	WP_011618225.1
sync_0245	WP_041426845.1
sync_0246	WP_011618227.1
sync_0247	WP_011618228.1
sync_0248	WP_011618229.1
sync_0249	WP_041426847.1
sync_0252	WP_011618233.1
sync_0253	WP_011618234.1
sync_0254	WP_049750309.1
sync_0255	WP_011618236.1
sync_0256	WP_041426291.1
sync_0257	WP_011618238.1
sync_0258	WP_011618239.1
sync_0259	WP_011618240.1
sync_0260	WP_011618241.1
sync_0261	WP_041426848.1
sync_0262	WP_011618243.1
sync_0263	WP_011618244.1
sync_0264	WP_167897135.1
sync_0265	WP_041426293.1
sync_0266	WP_237699245.1
sync_0267	WP_041426294.1
sync_0268	WP_041426295.1
sync_0269	WP_041426296.1
sync_0270	WP_011618251.1
sync_0271	WP_041426297.1
sync_0272	WP_011618253.1
sync_0273	WP_011618254.1
sync_0274	WP_011618255.1
sync_0275	WP_011618256.1
sync_0276	WP_011618257.1
sync_0277	WP_049750377.1
sync_0279	WP_011618259.1
sync_0280	WP_011618260.1
sync_0281	WP_041426298.1
sync_0282	WP_041426850.1
sync_0283	WP_011618263.1
sync_0284	WP_011618264.1
sync_0285	WP_011618265.1
sync_0286	WP_041426299.1
sync_0287	WP_006853701.1
sync_0288	WP_011618268.1
sync_0289	WP_011618269.1
sync_0290	WP_011618270.1
sync_0291	WP_011618271.1
sync_0292	WP_011618272.1
sync_0293	WP_011618273.1
sync_0294	WP_011618274.1
sync_0295	WP_011618275.1
sync_0296	WP_041426851.1
sync_0297	WP_011618277.1
sync_0298	WP_011618278.1
sync_0300	WP_011618279.1
sync_0301	WP_011618280.1
sync_0302	WP_011618281.1
sync_0303	WP_011618282.1
sync_0304	WP_011618283.1
sync_0305	WP_011618284.1
sync_0306	WP_011618285.1
sync_0307	WP_006042333.1
sync_0308	WP_011618286.1
sync_0309	WP_011618287.1
sync_0310	WP_006853680.1
sync_0311	WP_011618288.1
sync_0312	WP_011618289.1
sync_0313	WP_006853677.1
sync_0314	WP_011618290.1
sync_0315	WP_041426301.1
sync_0316	WP_011618292.1
sync_0317	WP_011618293.1
sync_0318	WP_011618294.1
sync_0319	WP_011618295.1
sync_0320	WP_011618296.1
sync_0321	WP_041426302.1
sync_0322	WP_041426303.1
sync_0323	WP_011618299.1
sync_0325	WP_041426305.1
sync_0326	WP_041426306.1
sync_0327	WP_041426307.1
sync_0328	WP_011618304.1
sync_0329	WP_011618305.1
sync_0330	WP_011618306.1
sync_0331	WP_011618307.1
sync_0332	WP_148201801.1
sync_0333	WP_011618309.1
sync_0334	WP_255321990.1
sync_0336	WP_011618311.1
sync_0337	WP_011618312.1
sync_0338	WP_011618313.1
sync_0339	WP_006853653.1
sync_0340	WP_041426308.1
sync_0342	WP_049750378.1
sync_0343	WP_011618317.1
sync_0344	WP_011618318.1
sync_0345	WP_011618319.1
sync_0346	WP_006853639.1
sync_0347	WP_167897100.1
sync_0348	WP_193328837.1
sync_0349	WP_011618322.1
sync_0351	WP_011618323.1
sync_0352	WP_011618324.1
sync_0353	WP_011618325.1
sync_0354	WP_011618326.1
sync_0355	WP_011618327.1
sync_0356	WP_011618328.1
sync_0357	WP_011618329.1
sync_0358	WP_011618330.1
sync_0359	WP_011618331.1
sync_0360	WP_041426310.1
sync_0361	WP_011618333.1
sync_0362	WP_041426311.1
sync_0363	WP_011618335.1
sync_0364	WP_041426312.1
sync_0365	WP_148201802.1
sync_0366	WP_083756084.1
sync_0368	WP_011618340.1
sync_0369	WP_011618341.1
sync_0370	WP_011618342.1
sync_0371	WP_011618343.1
sync_0372	WP_041426857.1
sync_0373	WP_237699299.1
sync_0374	WP_011618346.1
sync_0375	WP_011618347.1
sync_0376	WP_011618348.1
sync_0377	WP_011618349.1
sync_0378	WP_011618350.1
sync_0379	WP_011618351.1
sync_0380	WP_006042265.1
sync_0381	WP_011618352.1
sync_0382	WP_011618353.1
sync_0383	WP_011618354.1
sync_0384	WP_011618355.1
sync_0385	WP_011618356.1
sync_0386	WP_237699247.1
sync_0387	WP_041426316.1
sync_0388	WP_011618359.1
sync_0389	WP_041426858.1
sync_0391	WP_083756058.1
sync_0392	WP_237699248.1
sync_0393	WP_011618363.1
sync_0394	WP_011618364.1
sync_0395	WP_011618365.1
sync_0396	WP_148201804.1
sync_0397	WP_011618367.1
sync_0398	WP_011618368.1
sync_0399	WP_011618369.1
sync_0400	WP_011618370.1
sync_0401	WP_011618371.1
sync_0402	WP_011618372.1
sync_0403	WP_011618373.1
sync_0406	WP_011618375.1
sync_0407	WP_006854798.1
sync_0408	WP_011618376.1
sync_0409	WP_011618377.1
sync_0410	WP_011618378.1
sync_0411	WP_011618379.1
sync_0412	WP_193328845.1
sync_0413	WP_006854805.1
sync_0414	WP_011618381.1
sync_0415	WP_006854807.1
sync_0416	WP_006854808.1
sync_0417	WP_011618382.1
sync_0418	WP_011618383.1
sync_0419	WP_011618384.1
sync_0420	WP_011618385.1
sync_0421	WP_041426318.1
sync_0422	WP_011618387.1
sync_0423	WP_011618388.1
sync_0424	WP_011618389.1
sync_0425	WP_006854816.1
sync_0426	WP_041426319.1
sync_0427	WP_006854818.1
sync_0428	WP_011618391.1
sync_0429	WP_011618392.1
sync_0430	WP_011618393.1
sync_0431	WP_011618394.1
sync_0432	WP_011618395.1
sync_0433	WP_006854824.1
sync_0434	WP_011618396.1
sync_0435	WP_011618397.1
sync_0436	WP_011618398.1
sync_0437	WP_011618399.1
sync_0438	WP_011618400.1
sync_0439	WP_011618401.1
sync_0440	WP_011618402.1
sync_0442	WP_011618403.1
sync_0443	WP_011618404.1
sync_0444	WP_011618405.1
sync_0445	WP_011618406.1
sync_0446	WP_011618407.1
sync_0447	WP_011618408.1
sync_0448	WP_011618409.1
sync_0449	WP_011618410.1
sync_0450	WP_011618411.1
sync_0451	WP_011618412.1
sync_0452	WP_011618413.1
sync_0453	WP_011618414.1
sync_0454	WP_011618415.1
sync_0455	WP_041426320.1
sync_0456	WP_011618417.1
sync_0457	WP_041426321.1
sync_0459	WP_011618419.1
sync_0460	WP_193328838.1
sync_0461	WP_011618421.1
sync_0462	WP_011618422.1
sync_0463	WP_011618423.1
sync_0464	WP_011618424.1
sync_0465	WP_011618425.1
sync_0466	WP_011618426.1
sync_0467	WP_041426322.1
sync_0468	WP_011618428.1
sync_0469	WP_011618429.1
sync_0470	WP_011618430.1
sync_0471	WP_011618431.1
sync_0472	WP_011618432.1
sync_0473	WP_011618433.1
sync_0476	WP_049750311.1
sync_0477	WP_011618436.1
sync_0478	WP_041426324.1
sync_0479	WP_011618438.1
sync_0480	WP_011618439.1
sync_0481	WP_011618440.1
sync_0482	WP_011618441.1
sync_0483	WP_011618442.1
sync_0484	WP_011618443.1
sync_0485	WP_011618444.1
sync_0486	WP_237699251.1
sync_0487	WP_011618446.1
sync_0488	WP_011618447.1
sync_0489	WP_011618448.1
sync_0490	WP_011618449.1
sync_0491	WP_011618450.1
sync_0492	WP_011618451.1
sync_0493	WP_041426326.1
sync_0495	WP_011618454.1
sync_0496	WP_011618455.1
sync_0497	WP_011618456.1
sync_0498	WP_041426327.1
sync_0499	WP_148201807.1
sync_0500	WP_237699252.1
sync_0501	WP_049750312.1
sync_0502	WP_041426328.1
sync_0504	WP_011618463.1
sync_0505	WP_041426329.1
sync_0506	WP_011618465.1
sync_0507	WP_011618466.1
sync_0508	WP_011618467.1
sync_0509	WP_011618468.1
sync_0510	WP_011618469.1
sync_0511	WP_011618470.1
sync_0512	WP_041426331.1
sync_0513	WP_011618472.1
sync_0514	WP_011618473.1
sync_0515	WP_011618474.1
sync_0516	WP_011618475.1
sync_0517	WP_041426332.1
sync_0518	WP_011618477.1
sync_0519	WP_011618478.1
sync_0520	WP_041426870.1
sync_0521	WP_237699254.1
sync_0525	WP_148201810.1
sync_0526	WP_011618484.1
sync_0528	WP_011618486.1
sync_0529	WP_011618487.1
sync_0530	WP_011618488.1
sync_0531	WP_041426335.1
sync_0532	WP_011618490.1
sync_0533	WP_006854916.1
sync_0534	WP_011618491.1
sync_0535	WP_011618492.1
sync_0536	WP_006854919.1
sync_0537	WP_011618493.1
sync_0538	WP_011618494.1
sync_0539	WP_011618495.1
sync_0540	WP_011618496.1
sync_0541	WP_011618497.1
sync_0543	WP_011618498.1
sync_0544	WP_011618499.1
sync_0545	WP_011618500.1
sync_0546	WP_041426337.1
sync_0547	WP_011618502.1
sync_0548	WP_011618503.1
sync_0549	WP_006854932.1
sync_0550	WP_006854933.1
sync_0551	WP_041426339.1
sync_0552	WP_148201811.1
sync_0559	WP_237699257.1
sync_0561	WP_011618509.1
sync_0562	WP_006854760.1
sync_0563	WP_237699300.1
sync_0564	WP_011618511.1
sync_0565	WP_041426341.1
sync_0566	WP_011618513.1
sync_0567	WP_041426874.1
sync_0568	WP_011618515.1
sync_0569	WP_011618516.1
sync_0570	WP_011618517.1
sync_0571	WP_011618518.1
sync_0572	WP_041426342.1
sync_0573	WP_011618520.1
sync_0574	WP_011618521.1
sync_0578	WP_041426343.1
sync_0579	WP_011618524.1
sync_0581	WP_041426344.1
sync_0582	WP_011618527.1
sync_0584	WP_011618529.1
sync_0586	WP_011618531.1
sync_0589	WP_011618534.1
sync_0590	WP_011618535.1
sync_0591	WP_011618536.1
sync_0592	WP_011618537.1
sync_0593	WP_011618538.1
sync_0594	WP_041426877.1
sync_0595	WP_011618540.1
sync_0596	WP_011618541.1
sync_0597	WP_011618542.1
sync_0598	WP_011618543.1
sync_0599	WP_011618544.1
sync_0600	WP_011618545.1
sync_0601	WP_071813703.1
sync_0602	WP_041426878.1
sync_0603	WP_011618548.1
sync_0604	WP_011618549.1
sync_0605	WP_011618550.1
sync_0606	WP_011618551.1
sync_0607	WP_049750314.1
sync_0608	WP_041426349.1
sync_0609	WP_011618554.1
sync_0610	WP_148201813.1
sync_0613	WP_011618558.1
sync_0614	WP_011618559.1
sync_0616	WP_011618561.1
sync_0617	WP_011618562.1
sync_0618	WP_011618563.1
sync_0619	WP_041426358.1
sync_0620	WP_041426881.1
sync_0621	WP_011618566.1
sync_0622	WP_011618567.1
sync_0623	WP_011618568.1
sync_0624	WP_011618569.1
sync_0626	WP_041426360.1
sync_0627	WP_011618572.1
sync_0628	WP_011618573.1
sync_0629	WP_011618574.1
sync_0630	WP_011618575.1
sync_0631	WP_011618576.1
sync_0632	WP_011618577.1
sync_0633	WP_011618578.1
sync_0634	WP_148201817.1
sync_0635	WP_148201818.1
sync_0636	WP_041426883.1
sync_0637	WP_011618582.1
sync_0639	WP_041426884.1
sync_0641	WP_011618586.1
sync_0642	WP_041426362.1
sync_0643	WP_041426363.1
sync_0644	WP_237699260.1
sync_0646	WP_011618591.1
sync_0647	WP_011618592.1
sync_0648	WP_011618593.1
sync_0649	WP_011618594.1
sync_0650	WP_011618595.1
sync_0651	WP_011618596.1
sync_0652	WP_011618597.1
sync_0653	WP_011618598.1
sync_0654	WP_148201819.1
sync_0655	WP_167897141.1
sync_0656	WP_148201821.1
sync_0657	WP_049750315.1
sync_0659	WP_011618604.1
sync_0662	WP_011618607.1
sync_0663	WP_011618608.1
sync_0664	WP_237699261.1
sync_0665	WP_041426367.1
sync_0666	WP_071813704.1
sync_0667	WP_011618612.1
sync_0668	WP_237699262.1
sync_0669	WP_049750316.1
sync_0670	WP_011618615.1
sync_0671	WP_011618616.1
sync_0672	WP_041426368.1
sync_0673	WP_237699263.1
sync_0674	WP_011618619.1
sync_0675	WP_011618620.1
sync_0676	WP_011618621.1
sync_0677	WP_011618622.1
sync_0678	WP_041426892.1
sync_0679	WP_148201823.1
sync_0680	WP_011618625.1
sync_0681	WP_011618626.1
sync_0682	WP_011618627.1
sync_0683	WP_148201824.1
sync_0684	WP_041426895.1
sync_0685	WP_011618630.1
sync_0686	WP_011618631.1
sync_0687	WP_011618632.1
sync_0689	WP_041426371.1
sync_0690	WP_011618635.1
sync_0691	WP_041426896.1
sync_0692	WP_041426372.1
sync_0693	WP_011618638.1
sync_0694	WP_041426373.1
sync_0695	WP_011618640.1
sync_0696	WP_041426374.1
sync_0697	WP_011618642.1
sync_0698	WP_011618643.1
sync_0699	WP_041426375.1
sync_0700	WP_011618645.1
sync_0701	WP_011618646.1
sync_0702	WP_237699267.1
sync_0705	WP_148201825.1
sync_0706	WP_011618651.1
sync_0707	WP_237699268.1
sync_0708	WP_148201826.1
sync_0709	WP_083756063.1
sync_0710	WP_011618655.1
sync_0711	WP_049750317.1
sync_0712	WP_011618657.1
sync_0714	WP_011618659.1
sync_0716	WP_011618661.1
sync_0717	WP_011618662.1
sync_0718	WP_011618663.1
sync_0720	WP_011618664.1
sync_0721	WP_041426379.1
sync_0722	WP_011618666.1
sync_0723	WP_041426380.1
sync_0724	WP_011618668.1
sync_0725	WP_011618669.1
sync_0726	WP_011618670.1
sync_0727	WP_041426381.1
sync_0728	WP_011618672.1
sync_0729	WP_011618673.1
sync_0730	WP_041426382.1
sync_0731	WP_041426383.1
sync_0732	WP_011618676.1
sync_0733	WP_011618677.1
sync_0734	WP_011618678.1
sync_0735	WP_041426901.1
sync_0736	WP_041426384.1
sync_0737	WP_011618681.1
sync_0739	WP_049750319.1
sync_0740	WP_011618683.1
sync_0741	WP_041426386.1
sync_0742	WP_041426387.1
sync_0743	WP_011618686.1
sync_0744	WP_011618687.1
sync_0746	WP_041426388.1
sync_0748	WP_011618689.1
sync_0749	WP_011618690.1
sync_0750	WP_011618691.1
sync_0751	WP_011618692.1
sync_0753	WP_041426389.1
sync_0754	WP_011618695.1
sync_0755	WP_011618696.1
sync_0756	WP_041426905.1
sync_0757	WP_011618698.1
sync_0758	WP_041426391.1
sync_0759	WP_041426906.1
sync_0760	WP_011618701.1
sync_0761	WP_011618702.1
sync_0762	WP_041426393.1
sync_0763	WP_011618704.1
sync_0764	WP_011618705.1
sync_0765	WP_237699271.1
sync_0766	WP_011618707.1
sync_0767	WP_011618708.1
sync_0768	WP_011618709.1
sync_0769	WP_011618710.1
sync_0770	WP_041426394.1
sync_0771	WP_011618712.1
sync_0772	WP_011618713.1
sync_0773	WP_011618714.1
sync_0774	WP_011618715.1
sync_0775	WP_011618716.1
sync_0781	WP_011618722.1
sync_0782	WP_041426910.1
sync_0783	WP_011618724.1
sync_0784	WP_011618725.1
sync_0785	WP_011618726.1
sync_0786	WP_011618727.1
sync_0787	WP_011618728.1
sync_0788	WP_011618729.1
sync_0791	WP_041426911.1
sync_0793	WP_011618734.1
sync_0794	WP_011618735.1
sync_0795	WP_011618736.1
sync_0796	WP_011618737.1
sync_0797	WP_041426397.1
sync_0798	WP_237699272.1
sync_0799	WP_011618740.1
sync_0804	WP_011618745.1
sync_0805	WP_011618746.1
sync_0806	WP_011618747.1
sync_0807	WP_011618748.1
sync_0808	WP_011618749.1
sync_0809	WP_011618750.1
sync_0810	WP_011618751.1
sync_0811	WP_011618752.1
sync_0812	WP_011618753.1
sync_0813	WP_041426398.1
sync_0814	WP_011618755.1
sync_0815	WP_011618756.1
sync_0816	WP_237699273.1
sync_0818	WP_011618759.1
sync_0819	WP_237699274.1
sync_0820	WP_193328839.1
sync_0821	WP_011618762.1
sync_0822	WP_041426914.1
sync_0823	WP_011618764.1
sync_0825	WP_041426915.1
sync_0826	WP_011618767.1
sync_0827	WP_011618768.1
sync_0828	WP_011618769.1
sync_0829	WP_041426401.1
sync_0830	WP_049750320.1
sync_0831	WP_041426916.1
sync_0833	WP_148201831.1
sync_0834	WP_148201832.1
sync_0835	WP_011618775.1
sync_0836	WP_011618776.1
sync_0837	WP_011618777.1
sync_0838	WP_011618778.1
sync_0841	WP_011618781.1
sync_0843	WP_148201834.1
sync_0845	WP_011618785.1
sync_0846	WP_041426406.1
sync_0848	WP_148201835.1
sync_0849	WP_011618789.1
sync_0850	WP_011618790.1
sync_0853	WP_041426409.1
sync_0854	WP_011618632.1
sync_0855	WP_011618794.1
sync_0856	WP_011618795.1
sync_0858	WP_011618797.1
sync_0859	WP_011618798.1
sync_0860	WP_011618799.1
sync_0861	WP_011618800.1
sync_0862	WP_011618801.1
sync_0863	WP_011618802.1
sync_0865	WP_011618804.1
sync_0866	WP_049750388.1
sync_0868	WP_237699275.1
sync_0869	WP_011618808.1
sync_0870	WP_011618809.1
sync_0871	WP_011618810.1
sync_0872	WP_011618811.1
sync_0873	WP_011618812.1
sync_0874	WP_011618813.1
sync_0876	WP_011618815.1
sync_0877	WP_049750322.1
sync_0878	WP_011618817.1
sync_0879	WP_011618818.1
sync_0880	WP_041426926.1
sync_0881	WP_011618820.1
sync_0886	WP_011618825.1
sync_0887	WP_011618826.1
sync_0888	WP_011618827.1
sync_0890	WP_011618829.1
sync_0891	WP_041426418.1
sync_0892	WP_041426928.1
sync_0893	WP_011618832.1
sync_0894	WP_011618833.1
sync_0895	WP_011618834.1
sync_0896	WP_041426420.1
sync_0897	WP_011618836.1
sync_0898	WP_041426421.1
sync_0899	WP_041426422.1
sync_0900	WP_011618839.1
sync_0901	WP_011618840.1
sync_0902	WP_193328840.1
sync_0903	WP_006852199.1
sync_0904	WP_041426932.1
sync_0905	WP_011618843.1
sync_0906	WP_011618844.1
sync_0907	WP_071813678.1
sync_0908	WP_011618846.1
sync_0909	WP_006041809.1
sync_0910	WP_011618847.1
sync_0911	WP_011618848.1
sync_0912	WP_369791616.1
sync_0914	WP_011618851.1
sync_0915	WP_011618852.1
sync_0916	WP_006852211.1
sync_0917	WP_011618853.1
sync_0918	WP_011618854.1
sync_0919	WP_011618855.1
sync_0920	WP_011618856.1
sync_0921	WP_041426935.1
sync_0922	WP_011618858.1
sync_0923	WP_041426936.1
sync_0924	WP_011618860.1
sync_0925	WP_011618861.1
sync_0927	WP_255321998.1
sync_0928	WP_011618864.1
sync_0929	WP_011618865.1
sync_0930	WP_011618866.1
sync_0932	WP_011618868.1
sync_0934	WP_011618870.1
sync_0935	WP_193328841.1
sync_0936	WP_083756088.1
sync_0937	WP_148201839.1
sync_0938	WP_011618874.1
sync_0939	WP_011618875.1
sync_0940	WP_011618876.1
sync_0941	WP_011618877.1
sync_0942	WP_011618878.1
sync_0943	WP_011618879.1
sync_0944	WP_011618880.1
sync_0948	WP_011618884.1
sync_0949	WP_011618885.1
sync_0950	WP_006852244.1
sync_0954	WP_011618889.1
sync_0956	WP_041426428.1
sync_0957	WP_041426429.1
sync_0958	WP_237699278.1
sync_0960	WP_167897168.1
sync_0961	WP_011618896.1
sync_0962	WP_011618897.1
sync_0963	WP_041426430.1
sync_0964	WP_011618899.1
sync_0965	WP_148201840.1
sync_0966	WP_011618901.1
sync_0967	WP_011618902.1
sync_0969	WP_011618904.1
sync_0970	WP_011618905.1
sync_0971	WP_011618906.1
sync_0972	WP_041426431.1
sync_0973	WP_011618908.1
sync_0974	WP_041426940.1
sync_0975	WP_041426432.1
sync_0976	WP_011618911.1
sync_0977	WP_011618912.1
sync_0978	WP_041426433.1
sync_0979	WP_011618914.1
sync_0980	WP_011618915.1
sync_0981	WP_011618916.1
sync_0982	WP_237699279.1
sync_0983	WP_011618918.1
sync_0984	WP_011618919.1
sync_0985	WP_011618920.1
sync_0986	WP_011618921.1
sync_0987	WP_011618922.1
sync_0988	WP_011618923.1
sync_0989	WP_011618924.1
sync_0990	WP_011618925.1
sync_0991	WP_011618926.1
sync_0992	WP_041426435.1
sync_0993	WP_011618928.1
sync_0994	WP_011618929.1
sync_0995	WP_167897170.1
sync_0996	WP_167897173.1
sync_0997	WP_011618932.1
sync_0998	WP_011618933.1
sync_0999	WP_041426436.1
sync_1000	WP_011618935.1
sync_1001	WP_041426437.1
sync_1002	WP_011618937.1
sync_1003	WP_011618938.1
sync_1004	WP_011618939.1
sync_1006	WP_011618940.1
sync_1007	WP_011618941.1
sync_1008	WP_049750389.1
sync_1009	WP_011618943.1
sync_1010	WP_041426942.1
sync_1011	WP_011618945.1
sync_1012	WP_011618946.1
sync_1013	WP_041426439.1
sync_1014	WP_041426943.1
sync_1015	WP_011618949.1
sync_1016	WP_041426440.1
sync_1017	WP_011618951.1
sync_1018	WP_041426441.1
sync_1019	WP_011618953.1
sync_1020	WP_041426944.1
sync_1022	WP_011618956.1
sync_1023	WP_011618957.1
sync_1024	WP_011618958.1
sync_1025	WP_041426442.1
sync_1026	WP_041426443.1
sync_1027	WP_011618961.1
sync_1028	WP_041426444.1
sync_1029	WP_011618963.1
sync_1030	WP_011618964.1
sync_1031	WP_011618965.1
sync_1032	WP_041426446.1
sync_1033	WP_011618967.1
sync_1034	WP_049750325.1
sync_1035	WP_011618969.1
sync_1036	WP_011618970.1
sync_1037	WP_011618971.1
sync_1038	WP_071813681.1
sync_1039	WP_011618973.1
sync_1040	WP_011618974.1
sync_1041	WP_237699281.1
sync_1042	WP_011618976.1
sync_1043	WP_011618977.1
sync_1044	WP_011618978.1
sync_1045	WP_011618979.1
sync_1046	WP_011618980.1
sync_1047	WP_011618981.1
sync_1048	WP_011618982.1
sync_1050	WP_049750326.1
sync_1051	WP_011618985.1
sync_1052	WP_011618986.1
sync_1053	WP_011618987.1
sync_1054	WP_011618988.1
sync_1055	WP_011618989.1
sync_1056	WP_011618990.1
sync_1057	WP_011618991.1
sync_1058	WP_011618992.1
sync_1059	WP_011618993.1
sync_1060	WP_148201842.1
sync_1064	WP_011618998.1
sync_1066	WP_011619000.1
sync_1069	WP_237699282.1
sync_1070	WP_011619004.1
sync_1073	WP_167897177.1
sync_1074	WP_011619008.1
sync_1077	WP_011618632.1
sync_1078	WP_011619011.1
sync_1079	WP_011619012.1
sync_1080	WP_167897179.1
sync_1081	WP_011619014.1
sync_1082	WP_148201846.1
sync_1086	WP_049750327.1
sync_1087	WP_041426951.1
sync_1088	WP_011619021.1
sync_1089	WP_011619022.1
sync_1091	WP_071813682.1
sync_1092	WP_011619025.1
sync_1095	WP_041426455.1
sync_1096	WP_011619029.1
sync_1097	WP_011619030.1
sync_1098	WP_011619031.1
sync_1099	WP_011619032.1
sync_1102	WP_083756065.1
sync_1105	WP_011619038.1
sync_1106	WP_041426463.1
sync_1108	WP_011619041.1
sync_1110	WP_011619043.1
sync_1112	WP_071813684.1
sync_1114	WP_167897181.1
sync_1115	WP_148201851.1
sync_1116	WP_237699284.1
sync_1118	WP_011619051.1
sync_1120	WP_041426466.1
sync_1122	WP_011619055.1
sync_1123	WP_011619056.1
sync_1124	WP_167897183.1
sync_1125	WP_011619058.1
sync_1126	WP_011619059.1
sync_1129	WP_049750329.1
sync_1132	WP_011619064.1
sync_1133	WP_041426473.1
sync_1134	WP_011619066.1
sync_1136	WP_011619067.1
sync_1137	WP_006852358.1
sync_1138	WP_011619069.1
sync_1139	WP_011619070.1
sync_1140	WP_011619071.1
sync_1142	WP_011619073.1
sync_1143	WP_011619074.1
sync_1145	WP_369791617.1
sync_1146	WP_011619077.1
sync_1147	WP_011619078.1
sync_1148	WP_041426474.1
sync_1149	WP_011619080.1
sync_1150	WP_237699304.1
sync_1151	WP_011619082.1
sync_1152	WP_011619083.1
sync_1154	WP_011619085.1
sync_1156	WP_167897185.1
sync_1158	WP_011619089.1
sync_1159	WP_011619090.1
sync_1160	WP_041426475.1
sync_1161	WP_011619092.1
sync_1162	WP_011619093.1
sync_1163	WP_011619094.1
sync_1164	WP_011619095.1
sync_1165	WP_041426959.1
sync_1166	WP_011619097.1
sync_1167	WP_011619098.1
sync_1168	WP_011619099.1
sync_1169	WP_011619100.1
sync_1170	WP_011619101.1
sync_1171	WP_041426477.1
sync_1172	WP_011619103.1
sync_1173	WP_011619104.1
sync_1174	WP_011619105.1
sync_1175	WP_237699286.1
sync_1176	WP_041426478.1
sync_1177	WP_011619108.1
sync_1178	WP_148201858.1
sync_1179	WP_011619110.1
sync_1180	WP_011619111.1
sync_1181	WP_011619112.1
sync_1182	WP_011619113.1
sync_1183	WP_011619114.1
sync_1184	WP_011619115.1
sync_1185	WP_011619116.1
sync_1186	WP_041426482.1
sync_1187	WP_011619118.1
sync_1188	WP_041426483.1
sync_1189	WP_011619120.1
sync_1190	WP_041426484.1
sync_1191	WP_041426486.1
sync_1192	WP_237699287.1
sync_1193	WP_237699288.1
sync_1194	WP_011619125.1
sync_1195	WP_011619126.1
sync_1197	WP_011619128.1
sync_1198	WP_011619129.1
sync_1200	WP_011619130.1
sync_1201	WP_011619131.1
sync_1202	WP_011619132.1
sync_1203	WP_011619133.1
sync_1204	WP_011619134.1
sync_1205	WP_011619135.1
sync_1206	WP_011619136.1
sync_1207	WP_041426488.1
sync_1208	WP_041426489.1
sync_1209	WP_011619139.1
sync_1210	WP_011619140.1
sync_1211	WP_011619141.1
sync_1212	WP_011619142.1
sync_1213	WP_148201861.1
sync_1214	WP_011619144.1
sync_1215	WP_011619145.1
sync_1216	WP_148201862.1
sync_1217	WP_011619147.1
sync_1218	WP_011619148.1
sync_1219	WP_167897189.1
sync_1220	WP_011619150.1
sync_1221	WP_011619151.1
sync_1222	WP_011619152.1
sync_1223	WP_011619153.1
sync_1224	WP_011619154.1
sync_1225	WP_041426491.1
sync_1226	WP_011619156.1
sync_1227	WP_011619157.1
sync_1228	WP_041426966.1
sync_1229	WP_011619159.1
sync_1230	WP_011619160.1
sync_1231	WP_041426492.1
sync_1232	WP_041426967.1
sync_1233	WP_041426493.1
sync_1234	WP_011619164.1
sync_1237	WP_167897102.1
sync_1238	WP_071813685.1
sync_1241	WP_011619171.1
sync_1242	WP_011619172.1
sync_1243	WP_011619173.1
sync_1244	WP_011619174.1
sync_1245	WP_011619175.1
sync_1246	WP_011619176.1
sync_1248	WP_011619178.1
sync_1249	WP_011619179.1
sync_1251	WP_011619181.1
sync_1252	WP_011619182.1
sync_1253	WP_041426499.1
sync_1254	WP_011619184.1
sync_1257	WP_049750390.1
sync_1258	WP_011619188.1
sync_1259	WP_011619189.1
sync_1260	WP_011619190.1
sync_1263	WP_011619193.1
sync_1265	WP_011619194.1
sync_1267	WP_041426503.1
sync_1268	WP_011619197.1
sync_1269	WP_049750391.1
sync_1270	WP_011619199.1
sync_1271	WP_011619200.1
sync_1272	WP_011619201.1
sync_1273	WP_011619202.1
sync_1274	WP_011619203.1
sync_1275	WP_006852470.1
sync_1276	WP_011619204.1
sync_1277	WP_011619205.1
sync_1278	WP_041426505.1
sync_1279	WP_041426971.1
sync_1280	WP_011619208.1
sync_1281	WP_011619209.1
sync_1282	WP_011619210.1
sync_1283	WP_049750332.1
sync_1284	WP_049750392.1
sync_1285	WP_011619213.1
sync_1286	WP_011619214.1
sync_1287	WP_148201967.1
sync_1288	WP_011619216.1
sync_1289	WP_011619217.1
sync_1290	WP_041426975.1
sync_1291	WP_011619219.1
sync_1293	WP_011619221.1
sync_1294	WP_041426507.1
sync_1295	WP_011619223.1
sync_1296	WP_011619224.1
sync_1297	WP_237699289.1
sync_1299	WP_011619227.1
sync_1300	WP_011619228.1
sync_1301	WP_011619229.1
sync_1302	WP_041426509.1
sync_1303	WP_011619231.1
sync_1304	WP_041426510.1
sync_1307	WP_237699290.1
sync_1308	WP_011619236.1
sync_1309	WP_011619237.1
sync_1310	WP_011619238.1
sync_1311	WP_011619239.1
sync_1312	WP_011619240.1
sync_1314	WP_041426513.1
sync_1315	WP_011619243.1
sync_1316	WP_011619244.1
sync_1317	WP_011619245.1
sync_1318	WP_237699291.1
sync_1319	WP_011619247.1
sync_1320	WP_011619248.1
sync_1321	WP_011619249.1
sync_1322	WP_041426515.1
sync_1323	WP_011619251.1
sync_1325	WP_011619252.1
sync_1326	WP_011619253.1
sync_1327	WP_011619254.1
sync_1328	WP_011619255.1
sync_1329	WP_011619256.1
sync_1330	WP_011619257.1
sync_1331	WP_049750394.1
sync_1332	WP_237699292.1
sync_1333	WP_011619260.1
sync_1334	WP_049750333.1
sync_1335	WP_011619262.1
sync_1336	WP_083756067.1
sync_1337	WP_006041316.1
sync_1338	WP_011619264.1
sync_1339	WP_011619265.1
sync_1340	WP_011619266.1
sync_1341	WP_011619267.1
sync_1342	WP_011619268.1
sync_1343	WP_049750395.1
sync_1344	WP_071813708.1
sync_1345	WP_011619271.1
sync_1346	WP_011619272.1
sync_1347	WP_041426981.1
sync_1349	WP_041426518.1
sync_1350	WP_049750334.1
sync_1351	WP_006852568.1
sync_1352	WP_041426983.1
sync_1353	WP_011619278.1
sync_1354	WP_011619279.1
sync_1355	WP_011619280.1
sync_1356	WP_041426984.1
sync_1357	WP_011619282.1
sync_1358	WP_011619283.1
sync_1359	WP_011619284.1
sync_1360	WP_011619285.1
sync_1361	WP_011619286.1
sync_1362	WP_011619287.1
sync_1363	WP_011619288.1
sync_1364	WP_011619289.1
sync_1365	WP_011619290.1
sync_1366	WP_011619291.1
sync_1367	WP_041426520.1
sync_1368	WP_011619293.1
sync_1371	WP_011619296.1
sync_1372	WP_237699293.1
sync_1374	WP_011619299.1
sync_1375	WP_011619300.1
sync_1376	WP_011619301.1
sync_1377	WP_369791618.1
sync_1378	WP_011619303.1
sync_1379	WP_011619304.1
sync_1380	WP_011619305.1
sync_1381	WP_011619306.1
sync_1382	WP_011619307.1
sync_1383	WP_193328843.1
sync_1384	WP_006852597.1
sync_1385	WP_011619310.1
sync_1386	WP_011619311.1
sync_1387	WP_011619312.1
sync_1388	WP_011619313.1
sync_1389	WP_011619314.1
sync_1390	WP_011619315.1
sync_1391	WP_011619316.1
sync_1392	WP_011619317.1
sync_1394	WP_011619318.1
sync_1395	WP_011619319.1
sync_1396	WP_041426986.1
sync_1397	WP_011619321.1
sync_1398	WP_041426522.1
sync_1399	WP_006852613.1
sync_1400	WP_011619323.1
sync_1401	WP_011619324.1
sync_1402	WP_041426523.1
sync_1403	WP_011619326.1
sync_1404	WP_011619327.1
sync_1405	WP_011619328.1
sync_1406	WP_011619329.1
sync_1407	WP_011619330.1
sync_1408	WP_011619331.1
sync_1409	WP_041426524.1
sync_1410	WP_011619333.1
sync_1411	WP_011619334.1
sync_1412	WP_041426525.1
sync_1413	WP_011619336.1
sync_1414	WP_041426526.1
sync_1415	WP_011619338.1
sync_1416	WP_011619339.1
sync_1417	WP_011619340.1
sync_1418	WP_011619341.1
sync_1419	WP_041426987.1
sync_1420	WP_011619343.1
sync_1421	WP_011619344.1
sync_1422	WP_011619345.1
sync_1423	WP_011619346.1
sync_1424	WP_011619347.1
sync_1425	WP_041426528.1
sync_1426	WP_011619349.1
sync_1428	WP_011619350.1
sync_1429	WP_041426531.1
sync_1430	WP_011619352.1
sync_1431	WP_041426532.1
sync_1432	WP_011619354.1
sync_1433	WP_011619355.1
sync_1434	WP_011619356.1
sync_1435	WP_011619357.1
sync_1436	WP_011619358.1
sync_1437	WP_041426988.1
sync_1438	WP_011619360.1
sync_1439	WP_041426533.1
sync_1440	WP_011619362.1
sync_1441	WP_011619363.1
sync_1443	WP_011619365.1
sync_1445	WP_237699173.1
sync_1446	WP_148201864.1
sync_1447	WP_011619369.1
sync_1448	WP_041426538.1
sync_1449	WP_083756068.1
sync_1450	WP_011619372.1
sync_1451	WP_011619373.1
sync_1452	WP_011619374.1
sync_1453	WP_011619375.1
sync_1454	WP_011619376.1
sync_1455	WP_011619377.1
sync_1456	WP_011619378.1
sync_1457	WP_041426540.1
sync_1458	WP_041426541.1
sync_1459	WP_011619381.1
sync_1460	WP_011619382.1
sync_1461	WP_237699174.1
sync_1462	WP_011619384.1
sync_1463	WP_041426990.1
sync_1464	WP_011619386.1
sync_1465	WP_041426543.1
sync_1466	WP_011619388.1
sync_1467	WP_011619389.1
sync_1468	WP_011619390.1
sync_1469	WP_011619391.1
sync_1470	WP_011619392.1
sync_1471	WP_011619393.1
sync_1472	WP_041426992.1
sync_1473	WP_011619395.1
sync_1474	WP_011619396.1
sync_1478	WP_011619400.1
sync_1480	WP_011619402.1
sync_1482	WP_237699176.1
sync_1483	WP_011619405.1
sync_1484	WP_237699177.1
sync_1485	WP_237699178.1
sync_1489	WP_011619411.1
sync_1490	WP_148201867.1
sync_1491	WP_011619413.1
sync_1493	WP_011619415.1
sync_1494	WP_049750336.1
sync_1495	WP_011619417.1
sync_1496	WP_148201869.1
sync_1497	WP_011619419.1
sync_1498	WP_041426551.1
sync_1499	WP_237699179.1
sync_1500	WP_041426553.1
sync_1501	WP_083756071.1
sync_1502	WP_011619424.1
sync_1503	WP_011619425.1
sync_1504	WP_011619426.1
sync_1505	WP_011619427.1
sync_1506	WP_237699180.1
sync_1508	WP_041426555.1
sync_1509	WP_041426556.1
sync_1510	WP_011619432.1
sync_1511	WP_011619433.1
sync_1512	WP_167897201.1
sync_1513	WP_011619435.1
sync_1514	WP_049750338.1
sync_1515	WP_011619437.1
sync_1516	WP_202795156.1
sync_1518	WP_011619440.1
sync_1519	WP_011619441.1
sync_1522	WP_237699181.1
sync_1523	WP_011619445.1
sync_1524	WP_041426557.1
sync_1525	WP_011619447.1
sync_1526	WP_011619448.1
sync_1527	WP_041426558.1
sync_1528	WP_148201872.1
sync_1529	WP_011619451.1
sync_1530	WP_011619452.1
sync_1531	WP_041426559.1
sync_1532	WP_011619454.1
sync_1533	WP_011619455.1
sync_1534	WP_237699182.1
sync_1535	WP_237699183.1
sync_1536	WP_011619458.1
sync_1537	WP_011619459.1
sync_1538	WP_011619460.1
sync_1539	WP_011619461.1
sync_1540	WP_011619462.1
sync_1542	WP_041427005.1
sync_1543	WP_011619465.1
sync_1544	WP_011619466.1
sync_1545	WP_011619467.1
sync_1546	WP_011619468.1
sync_1547	WP_011619469.1
sync_1548	WP_011619470.1
sync_1549	WP_011619471.1
sync_1550	WP_011619472.1
sync_1551	WP_011619473.1
sync_1552	WP_071813710.1
sync_1553	WP_011619475.1
sync_1554	WP_011619476.1
sync_1555	WP_011619477.1
sync_1556	WP_011619478.1
sync_1557	WP_011619479.1
sync_1558	WP_011619480.1
sync_1559	WP_011619481.1
sync_1560	WP_011619482.1
sync_1561	WP_011619483.1
sync_1562	WP_011619484.1
sync_1563	WP_011619485.1
sync_1564	WP_011619486.1
sync_1565	WP_237699184.1
sync_1566	WP_041427009.1
sync_1567	WP_011619489.1
sync_1569	WP_011619491.1
sync_1570	WP_041426564.1
sync_1571	WP_011619493.1
sync_1572	WP_041426565.1
sync_1573	WP_167897205.1
sync_1574	WP_011619496.1
sync_1575	WP_041426566.1
sync_1576	WP_011619498.1
sync_1577	WP_011619499.1
sync_1578	WP_148201876.1
sync_1579	WP_011619501.1
sync_1580	WP_011619502.1
sync_1581	WP_011619503.1
sync_1582	WP_011619504.1
sync_1583	WP_011619505.1
sync_1584	WP_011619506.1
sync_1585	WP_011619507.1
sync_1586	WP_041427011.1
sync_1587	WP_049750340.1
sync_1588	WP_011619510.1
sync_1589	WP_011619511.1
sync_1590	WP_011619512.1
sync_1592	WP_011619514.1
sync_1593	WP_011619515.1
sync_1594	WP_011619516.1
sync_1595	WP_041427013.1
sync_1596	WP_011619518.1
sync_1597	WP_041426567.1
sync_1598	WP_041426568.1
sync_1599	WP_011619521.1
sync_1600	WP_041426569.1
sync_1601	WP_148201877.1
sync_1602	WP_011619524.1
sync_1604	WP_011619526.1
sync_1606	WP_011619528.1
sync_1607	WP_011619529.1
sync_1608	WP_011619530.1
sync_1609	WP_011619531.1
sync_1610	WP_011619532.1
sync_1611	WP_011619533.1
sync_1613	WP_041426570.1
sync_1614	WP_041427015.1
sync_1615	WP_041427016.1
sync_1619	WP_041426571.1
sync_1622	WP_041426573.1
sync_1627	WP_011619548.1
sync_1628	WP_006852884.1
sync_1629	WP_011619549.1
sync_1630	WP_011619550.1
sync_1631	WP_011619551.1
sync_1632	WP_011619552.1
sync_1633	WP_011619553.1
sync_1634	WP_011619554.1
sync_1635	WP_071813689.1
sync_1636	WP_011619556.1
sync_1637	WP_011619557.1
sync_1638	WP_011619558.1
sync_1639	WP_011619559.1
sync_1640	WP_011619560.1
sync_1641	WP_011619561.1
sync_1642	WP_011619562.1
sync_1644	WP_011619563.1
sync_1646	WP_011619565.1
sync_1649	WP_011619568.1
sync_1650	WP_041426576.1
sync_1651	WP_237699185.1
sync_1653	WP_011619572.1
sync_1654	WP_011619573.1
sync_1656	WP_011619575.1
sync_1657	WP_011619576.1
sync_1658	WP_011619577.1
sync_1659	WP_041426579.1
sync_1660	WP_006171625.1
sync_1661	WP_011619579.1
sync_1662	WP_011619580.1
sync_1663	WP_041426580.1
sync_1664	WP_148201879.1
sync_1665	WP_011619583.1
sync_1667	WP_041426581.1
sync_1668	WP_011619586.1
sync_1669	WP_011619587.1
sync_1670	WP_049750341.1
sync_1671	WP_011619589.1
sync_1672	WP_041427025.1
sync_1673	WP_011619591.1
sync_1674	WP_041426582.1
sync_1675	WP_011619593.1
sync_1676	WP_011619594.1
sync_1677	WP_237699186.1
sync_1678	WP_011619596.1
sync_1679	WP_011619597.1
sync_1680	WP_011619598.1
sync_1681	WP_011619599.1
sync_1682	WP_011619600.1
sync_1683	WP_011619601.1
sync_1684	WP_011619602.1
sync_1685	WP_041427028.1
sync_1686	WP_011619604.1
sync_1687	WP_011619605.1
sync_1688	WP_011619606.1
sync_1689	WP_011619607.1
sync_1690	WP_041426583.1
sync_1691	WP_011619609.1
sync_1692	WP_011619610.1
sync_1693	WP_011619611.1
sync_1694	WP_041427030.1
sync_1695	WP_011619613.1
sync_1696	WP_011619614.1
sync_1697	WP_011619615.1
sync_1698	WP_011619616.1
sync_1699	WP_237699187.1
sync_1700	WP_011619618.1
sync_1701	WP_011619619.1
sync_1702	WP_011619620.1
sync_1703	WP_006853056.1
sync_1704	WP_011619621.1
sync_1705	WP_011619622.1
sync_1706	WP_011619623.1
sync_1707	WP_011619624.1
sync_1709	WP_011619626.1
sync_1710	WP_011619627.1
sync_1711	WP_041426585.1
sync_1712	WP_011619629.1
sync_1713	WP_041426586.1
sync_1714	WP_011619631.1
sync_1715	WP_011619632.1
sync_1716	WP_011619633.1
sync_1717	WP_041426587.1
sync_1718	WP_148201881.1
sync_1719	WP_011619636.1
sync_1720	WP_148201882.1
sync_1721	WP_049750396.1
sync_1722	WP_237699306.1
sync_1723	WP_011619640.1
sync_1724	WP_041427034.1
sync_1725	WP_011619642.1
sync_1726	WP_011619643.1
sync_1727	WP_011619644.1
sync_1728	WP_011619645.1
sync_1729	WP_011619646.1
sync_1731	WP_148201883.1
sync_1732	WP_369791607.1
sync_1734	WP_011619651.1
sync_1735	WP_011619652.1
sync_1736	WP_041426590.1
sync_1738	WP_167897209.1
sync_1739	WP_041426591.1
sync_1741	WP_148201884.1
sync_1742	WP_369791608.1
sync_1743	WP_237699190.1
sync_1745	WP_049750343.1
sync_1746	WP_011619663.1
sync_1747	WP_011619664.1
sync_1748	WP_011619665.1
sync_1749	WP_083756073.1
sync_1750	WP_049750344.1
sync_1751	WP_041426593.1
sync_1752	WP_011619669.1
sync_1753	WP_011619670.1
sync_1754	WP_011619671.1
sync_1755	WP_041426594.1
sync_1756	WP_049750399.1
sync_1757	WP_011619674.1
sync_1758	WP_041427041.1
sync_1759	WP_011619676.1
sync_1760	WP_011619677.1
sync_1762	WP_011619679.1
sync_1764	WP_011619681.1
sync_1766	WP_011619683.1
sync_1767	WP_041426595.1
sync_1768	WP_011619685.1
sync_1770	WP_011619687.1
sync_1771	WP_011619688.1
sync_1772	WP_237699191.1
sync_1773	WP_011619690.1
sync_1774	WP_011619691.1
sync_1775	WP_011619692.1
sync_1776	WP_011619693.1
sync_1779	WP_011619696.1
sync_1780	WP_011619697.1
sync_1781	WP_011619698.1
sync_1785	WP_011619702.1
sync_1786	WP_011619703.1
sync_1787	WP_011619704.1
sync_1789	WP_011619706.1
sync_1790	WP_011619707.1
sync_1792	WP_083756074.1
sync_1793	WP_041426601.1
sync_1794	WP_011619711.1
sync_1795	WP_071813713.1
sync_1797	WP_011619714.1
sync_1798	WP_011619715.1
sync_1799	WP_011619716.1
sync_1800	WP_237699192.1
sync_1801	WP_011619718.1
sync_1802	WP_011619719.1
sync_1803	WP_041426603.1
sync_1804	WP_255322036.1
sync_1805	WP_041426604.1
sync_1806	WP_011619723.1
sync_1807	WP_011619724.1
sync_1810	WP_041426605.1
sync_1811	WP_011619728.1
sync_1812	WP_011619729.1
sync_1813	WP_011619730.1
sync_1815	WP_167897106.1
sync_1816	WP_011619733.1
sync_1817	WP_011619734.1
sync_1818	WP_011619735.1
sync_1819	WP_041427046.1
sync_1820	WP_041426607.1
sync_1821	WP_011619738.1
sync_1823	WP_041426608.1
sync_1824	WP_369791609.1
sync_1825	WP_011619742.1
sync_1826	WP_148201888.1
sync_1827	WP_041426610.1
sync_1829	WP_011619746.1
sync_1830	WP_011619747.1
sync_1831	WP_011619748.1
sync_1832	WP_011619749.1
sync_1833	WP_041426611.1
sync_1834	WP_237699196.1
sync_1835	WP_011619752.1
sync_1836	WP_011619753.1
sync_1837	WP_041426613.1
sync_1839	WP_041426614.1
sync_1841	WP_237699197.1
sync_1842	WP_011619759.1
sync_1843	WP_011619760.1
sync_1844	WP_011619761.1
sync_1845	WP_049750400.1
sync_1846	WP_011619763.1
sync_1847	WP_006853199.1
sync_1848	WP_011619765.1
sync_1849	WP_148201889.1
sync_1850	WP_011619767.1
sync_1851	WP_011619768.1
sync_1852	WP_011619769.1
sync_1853	WP_041426616.1
sync_1854	WP_011619771.1
sync_1856	WP_011618340.1
sync_1857	WP_237699198.1
sync_1858	WP_011619775.1
sync_1860	WP_041426617.1
sync_1861	WP_011619778.1
sync_1862	WP_011619779.1
sync_1863	WP_011619780.1
sync_1864	WP_011619781.1
sync_1865	WP_011619782.1
sync_1866	WP_011619783.1
sync_1867	WP_011619784.1
sync_1868	WP_011619785.1
sync_1869	WP_011619786.1
sync_1870	WP_011619787.1
sync_1871	WP_011619788.1
sync_1872	WP_011619789.1
sync_1873	WP_041426618.1
sync_1874	WP_041426619.1
sync_1875	WP_011619792.1
sync_1877	WP_011619794.1
sync_1878	WP_011619795.1
sync_1879	WP_041427048.1
sync_1880	WP_011619797.1
sync_1881	WP_011619798.1
sync_1882	WP_011619799.1
sync_1883	WP_011619800.1
sync_1884	WP_041426622.1
sync_1885	WP_011619802.1
sync_1886	WP_011619803.1
sync_1887	WP_011619804.1
sync_1888	WP_011619805.1
sync_1889	WP_011619806.1
sync_1890	WP_041427049.1
sync_1891	WP_011619808.1
sync_1892	WP_041426623.1
sync_1893	WP_041426624.1
sync_1895	WP_011619812.1
sync_1896	WP_011619813.1
sync_1897	WP_011619814.1
sync_1898	WP_011619815.1
sync_1899	WP_011619816.1
sync_1900	WP_011619817.1
sync_1901	WP_041426625.1
sync_1902	WP_041426626.1
sync_1903	WP_011619820.1
sync_1904	WP_011619821.1
sync_1905	WP_011619822.1
sync_1906	WP_011619823.1
sync_1908	WP_011619825.1
sync_1909	WP_011619826.1
sync_1910	WP_011619827.1
sync_1911	WP_011619828.1
sync_1912	WP_011619829.1
sync_1914	WP_041426628.1
sync_1915	WP_011619831.1
sync_1916	WP_041427051.1
sync_1917	WP_011619833.1
sync_1918	WP_011619834.1
sync_1920	WP_011619836.1
sync_1921	WP_011619837.1
sync_1922	WP_011619838.1
sync_1923	WP_011619839.1
sync_1924	WP_011619840.1
sync_1925	WP_011619841.1
sync_1926	WP_011619842.1
sync_1927	WP_041426629.1
sync_1928	WP_041427053.1
sync_1929	WP_041426630.1
sync_1930	WP_011619846.1
sync_1931	WP_011619847.1
sync_1932	WP_041426631.1
sync_1933	WP_011619849.1
sync_1934	WP_011619850.1
sync_1935	WP_011619851.1
sync_1936	WP_011619852.1
sync_1937	WP_011619853.1
sync_1938	WP_041426632.1
sync_1939	WP_011619855.1
sync_1940	WP_041426633.1
sync_1941	WP_041426634.1
sync_1942	WP_011619858.1
sync_1943	WP_041426635.1
sync_1944	WP_011619860.1
sync_1945	WP_011619861.1
sync_1946	WP_011619862.1
sync_1948	WP_011619864.1
sync_1949	WP_011619865.1
sync_1950	WP_011619866.1
sync_1951	WP_011619867.1
sync_1952	WP_011619868.1
sync_1953	WP_011619869.1
sync_1957	WP_011619873.1
sync_1958	WP_011619874.1
sync_1959	WP_011619875.1
sync_1960	WP_041426636.1
sync_1962	WP_011619878.1
sync_1963	WP_011619879.1
sync_1964	WP_011619880.1
sync_1965	WP_011619881.1
sync_1966	WP_011619882.1
sync_1967	WP_011619883.1
sync_1968	WP_006169870.1
sync_1969	WP_011619884.1
sync_1970	WP_041426637.1
sync_1971	WP_041427054.1
sync_1972	WP_041427055.1
sync_1973	WP_011619888.1
sync_1974	WP_011619889.1
sync_1975	WP_011619890.1
sync_1976	WP_011619891.1
sync_1977	WP_041426638.1
sync_1978	WP_041427056.1
sync_1979	WP_011619894.1
sync_1980	WP_049750346.1
sync_1981	WP_011619896.1
sync_1982	WP_011619897.1
sync_1983	WP_011619898.1
sync_1984	WP_011619899.1
sync_1985	WP_041426640.1
sync_1986	WP_011619901.1
sync_1987	WP_011619902.1
sync_1988	WP_011619903.1
sync_1989	WP_011619904.1
sync_1990	WP_011619905.1
sync_1991	WP_041426641.1
sync_1993	WP_041426642.1
sync_1994	WP_011619909.1
sync_1995	WP_041426643.1
sync_1996	WP_011619911.1
sync_1997	WP_011619912.1
sync_1998	WP_011619913.1
sync_1999	WP_041426644.1
sync_2000	WP_011619915.1
sync_2001	WP_011619916.1
sync_2002	WP_011619917.1
sync_2003	WP_049750347.1
sync_2004	WP_011619919.1
sync_2005	WP_011619920.1
sync_2006	WP_011619921.1
sync_2007	WP_011619922.1
sync_2008	WP_011619923.1
sync_2009	WP_011619924.1
sync_2010	WP_011619925.1
sync_2011	WP_011619926.1
sync_2012	WP_237699309.1
sync_2013	WP_011619928.1
sync_2014	WP_011619929.1
sync_2015	WP_011619930.1
sync_2016	WP_011619931.1
sync_2017	WP_011619932.1
sync_2018	WP_011619933.1
sync_2019	WP_011619934.1
sync_2020	WP_011619935.1
sync_2021	WP_011619936.1
sync_2022	WP_011619937.1
sync_2023	WP_193328829.1
sync_2024	WP_011619939.1
sync_2025	WP_011619940.1
sync_2026	WP_011619941.1
sync_2027	WP_011619942.1
sync_2028	WP_011619943.1
sync_2029	WP_011619944.1
sync_2030	WP_041426645.1
sync_2031	WP_011619946.1
sync_2032	WP_011619947.1
sync_2034	WP_011619949.1
sync_2035	WP_041426646.1
sync_2036	WP_011619951.1
sync_2037	WP_041426647.1
sync_2038	WP_011619953.1
sync_2039	WP_011619954.1
sync_2040	WP_011619955.1
sync_2041	WP_011619956.1
sync_2042	WP_011619957.1
sync_2043	WP_049750348.1
sync_2044	WP_011619959.1
sync_2045	WP_011619960.1
sync_2046	WP_167897213.1
sync_2048	WP_049750349.1
sync_2050	WP_011619965.1
sync_2051	WP_011619966.1
sync_2052	WP_011619967.1
sync_2053	WP_011619968.1
sync_2054	WP_237699199.1
sync_2055	WP_011619970.1
sync_2056	WP_011619971.1
sync_2057	WP_049750350.1
sync_2058	WP_041426648.1
sync_2059	WP_237699200.1
sync_2060	WP_011619975.1
sync_2061	WP_011619976.1
sync_2062	WP_011619977.1
sync_2063	WP_237699201.1
sync_2064	WP_041427065.1
sync_2065	WP_011619980.1
sync_2068	WP_011619983.1
sync_2069	WP_011619984.1
sync_2071	WP_237699202.1
sync_2072	WP_237699203.1
sync_2073	WP_011619988.1
sync_2074	WP_011619989.1
sync_2075	WP_011619990.1
sync_2077	WP_237699204.1
sync_2080	WP_011619995.1
sync_2082	WP_011619997.1
sync_2084	WP_011619998.1
sync_2085	WP_041427068.1
sync_2086	WP_011620000.1
sync_2087	WP_011620001.1
sync_2088	WP_011620002.1
sync_2089	WP_011620003.1
sync_2090	WP_011620004.1
sync_2091	WP_011620005.1
sync_2092	WP_237699205.1
sync_2093	WP_011620007.1
sync_2094	WP_011620008.1
sync_2095	WP_011620009.1
sync_2096	WP_011620010.1
sync_2097	WP_041427069.1
sync_2098	WP_011620012.1
sync_2099	WP_011620013.1
sync_2100	WP_193328830.1
sync_2101	WP_041426651.1
sync_2102	WP_011620016.1
sync_2103	WP_011620017.1
sync_2104	WP_083756075.1
sync_2105	WP_041426652.1
sync_2106	WP_011620020.1
sync_2107	WP_011620021.1
sync_2108	WP_011620022.1
sync_2109	WP_011620023.1
sync_2110	WP_011620024.1
sync_2111	WP_011620025.1
sync_2112	WP_041426653.1
sync_2113	WP_011620027.1
sync_2114	WP_011620028.1
sync_2117	WP_011620031.1
sync_2118	WP_011620032.1
sync_2119	WP_237699206.1
sync_2120	WP_041426654.1
sync_2121	WP_041426655.1
sync_2122	WP_011620036.1
sync_2123	WP_011620037.1
sync_2124	WP_011620038.1
sync_2125	WP_011620039.1
sync_2126	WP_011620040.1
sync_2127	WP_011620041.1
sync_2128	WP_011620042.1
sync_2129	WP_011620043.1
sync_2130	WP_041426657.1
sync_2131	WP_011620045.1
sync_2132	WP_011620046.1
sync_2133	WP_011620047.1
sync_2134	WP_011620048.1
sync_2135	WP_011620049.1
sync_2136	WP_167897215.1
sync_2137	WP_011620051.1
sync_2138	WP_011620052.1
sync_2139	WP_041426658.1
sync_2140	WP_011620054.1
sync_2141	WP_011620055.1
sync_2142	WP_011620056.1
sync_2143	WP_011620057.1
sync_2144	WP_011620058.1
sync_2146	WP_041426659.1
sync_2147	WP_011620060.1
sync_2148	WP_011620061.1
sync_2149	WP_011620062.1
sync_2150	WP_011620063.1
sync_2151	WP_041427078.1
sync_2152	WP_011620065.1
sync_2153	WP_011620066.1
sync_2154	WP_011620067.1
sync_2155	WP_011620068.1
sync_2156	WP_011620069.1
sync_2157	WP_041426660.1
sync_2158	WP_011620071.1
sync_2159	WP_011620072.1
sync_2160	WP_237699207.1
sync_2161	WP_011620074.1
sync_2162	WP_011620075.1
sync_2163	WP_011620076.1
sync_2166	WP_006043540.1
sync_2168	WP_011620079.1
sync_2169	WP_011620080.1
sync_2170	WP_041426661.1
sync_2171	WP_011620082.1
sync_2172	WP_011620083.1
sync_2173	WP_011620084.1
sync_2174	WP_011620085.1
sync_2176	WP_041426662.1
sync_2179	WP_255321984.1
sync_2180	WP_011620091.1
sync_2184	WP_041426663.1
sync_2185	WP_041426664.1
sync_2187	WP_041427079.1
sync_2188	WP_167897217.1
sync_2190	WP_041427080.1
sync_2191	WP_011620102.1
sync_2192	WP_041426666.1
sync_2193	WP_011620104.1
sync_2195	WP_041426667.1
sync_2196	WP_255322044.1
sync_2197	WP_041427081.1
sync_2198	WP_011620108.1
sync_2199	WP_011620109.1
sync_2200	WP_369791611.1
sync_2201	WP_011620111.1
sync_2202	WP_071813717.1
sync_2203	WP_011620113.1
sync_2204	WP_006853572.1
sync_2205	WP_011620115.1
sync_2206	WP_011620116.1
sync_2207	WP_041426670.1
sync_2208	WP_011620118.1
sync_2209	WP_011620119.1
sync_2210	WP_041426671.1
sync_2211	WP_041426672.1
sync_2212	WP_041427082.1
sync_2213	WP_041427083.1
sync_2214	WP_041426673.1
sync_2215	WP_041426674.1
sync_2216	WP_011620126.1
sync_2217	WP_011620127.1
sync_2218	WP_011620128.1
sync_2219	WP_011620129.1
sync_2220	WP_011620130.1
sync_2221	WP_011620131.1
sync_2222	WP_041427084.1
sync_2223	WP_011620133.1
sync_2224	WP_011620134.1
sync_2226	WP_011620136.1
sync_2227	WP_011620137.1
sync_2228	WP_041426675.1
sync_2229	WP_011620139.1
sync_2230	WP_011620140.1
sync_2232	WP_011620142.1
sync_2233	WP_011620143.1
sync_2234	WP_011620144.1
sync_2236	WP_011620146.1
sync_2237	WP_011620147.1
sync_2238	WP_237699208.1
sync_2241	WP_011620151.1
sync_2245	WP_041427086.1
sync_2246	WP_011620156.1
sync_2248	WP_011620158.1
sync_2249	WP_011620159.1
sync_2250	WP_041426681.1
sync_2251	WP_011620161.1
sync_2252	WP_011620162.1
sync_2254	WP_006043345.1
sync_2255	WP_041426682.1
sync_2256	WP_011620166.1
sync_2257	WP_011620167.1
sync_2258	WP_011620168.1
sync_2260	WP_011620169.1
sync_2265	WP_011620174.1
sync_2266	WP_011620175.1
sync_2267	WP_011620176.1
sync_2268	WP_011620177.1
sync_2269	WP_011620178.1
sync_2270	WP_011620179.1
sync_2271	WP_041427089.1
sync_2272	WP_011620181.1
sync_2274	WP_011620183.1
sync_2275	WP_011620184.1
sync_2276	WP_011620185.1
sync_2277	WP_011620186.1
sync_2281	WP_041427090.1
sync_2282	WP_011620191.1
sync_2283	WP_011620192.1
sync_2284	WP_011620193.1
sync_2285	WP_011620194.1
sync_2286	WP_041426683.1
sync_2287	WP_041426684.1
sync_2288	WP_011620197.1
sync_2289	WP_041426685.1
sync_2290	WP_011620199.1
sync_2291	WP_011620200.1
sync_2292	WP_011620201.1
sync_2293	WP_011620202.1
sync_2294	WP_011620203.1
sync_2295	WP_041427092.1
sync_2296	WP_011620205.1
sync_2297	WP_167897219.1
sync_2298	WP_011620207.1
sync_2299	WP_011620208.1
sync_2300	WP_167897221.1
sync_2304	WP_011620213.1
sync_2306	WP_011620215.1
sync_2307	WP_011620216.1
sync_2308	WP_041427093.1
sync_2309	WP_011620218.1
sync_2310	WP_011620219.1
sync_2311	WP_011620220.1
sync_2312	WP_011620221.1
sync_2313	WP_011620222.1
sync_2314	WP_011620223.1
sync_2315	WP_011620224.1
sync_2316	WP_011620225.1
sync_2317	WP_006854325.1
sync_2318	WP_011620226.1
sync_2319	WP_041427095.1
sync_2320	WP_011620228.1
sync_2323	WP_011620231.1
sync_2324	WP_011620232.1
sync_2325	WP_011620233.1
sync_2326	WP_011620234.1
sync_2327	WP_193328855.1
sync_2328	WP_011620236.1
sync_2329	WP_011620237.1
sync_2330	WP_011620238.1
sync_2331	WP_011620239.1
sync_2332	WP_011620240.1
sync_2333	WP_011620241.1
sync_2334	WP_011620242.1
sync_2335	WP_011620243.1
sync_2336	WP_011620244.1
sync_2337	WP_041426693.1
sync_2338	WP_011620246.1
sync_2339	WP_011620247.1
sync_2340	WP_011620248.1
sync_2341	WP_011620249.1
sync_2342	WP_011620250.1
sync_2343	WP_011620251.1
sync_2344	WP_049750355.1
sync_2345	WP_011620253.1
sync_2346	WP_011620254.1
sync_2347	WP_041426695.1
sync_2348	WP_049750356.1
sync_2349	WP_011620257.1
sync_2350	WP_041426696.1
sync_2351	WP_011620259.1
sync_2352	WP_255321986.1
sync_2353	WP_011620261.1
sync_2354	WP_011620262.1
sync_2355	WP_006854361.1
sync_2356	WP_011620263.1
sync_2357	WP_011620264.1
sync_2358	WP_011620265.1
sync_2360	WP_011620267.1
sync_2361	WP_011620268.1
sync_2362	WP_011620269.1
sync_2363	WP_011620270.1
sync_2364	WP_011620271.1
sync_2365	WP_011620272.1
sync_2366	WP_011620273.1
sync_2367	WP_011620274.1
sync_2368	WP_011620275.1
sync_2369	WP_011620276.1
sync_2370	WP_041426698.1
sync_2371	WP_011620278.1
sync_2372	WP_011620279.1
sync_2373	WP_011620280.1
sync_2375	WP_071813692.1
sync_2377	WP_083756076.1
sync_2378	WP_011620284.1
sync_2380	WP_049750358.1
sync_2381	WP_049750407.1
sync_2382	WP_011620288.1
sync_2384	WP_011618340.1
sync_2385	WP_167897223.1
sync_2386	WP_011620291.1
sync_2387	WP_049750359.1
sync_2388	WP_011620293.1
sync_2389	WP_041426701.1
sync_2390	WP_011620295.1
sync_2391	WP_011620296.1
sync_2392	WP_011620297.1
sync_2393	WP_041426702.1
sync_2394	WP_011620299.1
sync_2395	WP_041427102.1
sync_2396	WP_011620301.1
sync_2397	WP_011620302.1
sync_2398	WP_011620303.1
sync_2399	WP_011620304.1
sync_2400	WP_011620305.1
sync_2401	WP_011620306.1
sync_2403	WP_011620308.1
sync_2404	WP_011620309.1
sync_2405	WP_011620310.1
sync_2408	WP_011620313.1
sync_2409	WP_011620314.1
sync_2410	WP_041426705.1
sync_2411	WP_148201997.1
sync_2412	WP_083756096.1
sync_2413	WP_167897110.1
sync_2416	WP_011620321.1
sync_2417	WP_011620322.1
sync_2420	WP_237699211.1
sync_2423	WP_237699212.1
sync_2424	WP_049750360.1
sync_2426	WP_011620331.1
sync_2430	WP_011620335.1
sync_2431	WP_148201903.1
sync_2432	WP_255321987.1
sync_2434	WP_011620339.1
sync_2435	WP_011620340.1
sync_2436	WP_041427107.1
sync_2437	WP_011620342.1
sync_2439	WP_011620344.1
sync_2441	WP_011620346.1
sync_2442	WP_011620347.1
sync_2443	WP_011620348.1
sync_2444	WP_011620349.1
sync_2446	WP_148201905.1
sync_2447	WP_011620352.1
sync_2448	WP_011620353.1
sync_2450	WP_237699214.1
sync_2451	WP_011620355.1
sync_2452	WP_041426721.1
sync_2453	WP_011620357.1
sync_2454	WP_237699215.1
sync_2455	WP_011620359.1
sync_2456	WP_011620360.1
sync_2457	WP_011620361.1
sync_2459	WP_011620362.1
sync_2460	WP_011620363.1
sync_2461	WP_011620364.1
sync_2462	WP_011620365.1
sync_2463	WP_011620366.1
sync_2464	WP_011620367.1
sync_2465	WP_011620368.1
sync_2466	WP_049750410.1
sync_2467	WP_011620370.1
sync_2468	WP_011620371.1
sync_2470	WP_006043142.1
sync_2471	WP_011620373.1
sync_2472	WP_041426722.1
sync_2473	WP_011620375.1
sync_2474	WP_011620376.1
sync_2475	WP_011620377.1
sync_2476	WP_011620378.1
sync_2478	WP_011620380.1
sync_2479	WP_041426723.1
sync_2480	WP_011620382.1
sync_2481	WP_011620383.1
sync_2482	WP_011620384.1
sync_2483	WP_011620385.1
sync_2484	WP_041426724.1
sync_2485	WP_011620387.1
sync_2486	WP_011620388.1
sync_2487	WP_011620389.1
sync_2488	WP_011620390.1
sync_2489	WP_011620391.1
sync_2490	WP_167897229.1
sync_2491	WP_011620393.1
sync_2492	WP_011620394.1
sync_2493	WP_193328831.1
sync_2494	WP_237699217.1
sync_2496	WP_011620398.1
sync_2497	WP_041426725.1
sync_2499	WP_011620398.1
sync_2500	WP_041426726.1
sync_2501	WP_011620401.1
sync_2502	WP_011620402.1
sync_2503	WP_011620403.1
sync_2504	WP_011620404.1
sync_2505	WP_167897231.1
sync_2506	WP_011620406.1
sync_2507	WP_237699218.1
sync_2508	WP_011620408.1
sync_2509	WP_011620409.1
sync_2510	WP_041426727.1
sync_2511	WP_041426728.1
sync_2512	WP_011620412.1
sync_2513	WP_011620413.1
sync_2514	WP_011620414.1
sync_2515	WP_011620415.1
sync_2516	WP_011620416.1
sync_2517	WP_041427115.1
sync_2520	WP_011620420.1
sync_2521	WP_369791612.1
sync_2522	WP_011620422.1
sync_2523	WP_011620423.1
sync_2524	WP_041427118.1
sync_2525	WP_006854531.1
sync_2527	WP_011620426.1
sync_2528	WP_041426731.1
sync_2529	WP_011620428.1
sync_2530	WP_011620429.1
sync_2531	WP_011620430.1
sync_2532	WP_011620431.1
sync_2533	WP_011620432.1
sync_2534	WP_011620433.1
sync_2540	WP_083756098.1
sync_2541	WP_148201907.1
sync_2542	WP_041426733.1
sync_2543	WP_011620437.1
sync_2544	WP_237699219.1
sync_2545	WP_011620439.1
sync_2546	WP_011620440.1
sync_2547	WP_011620441.1
sync_2548	WP_041426734.1
sync_2549	WP_011620443.1
sync_2551	WP_041426735.1
sync_2552	WP_011620446.1
sync_2553	WP_041426737.1
sync_2554	WP_011620448.1
sync_2555	WP_011620449.1
sync_2556	WP_011620450.1
sync_2557	WP_041427120.1
sync_2558	WP_041426738.1
sync_2559	WP_041426739.1
sync_2560	WP_011620454.1
sync_2561	WP_041427121.1
sync_2562	WP_011620456.1
sync_2563	WP_011620457.1
sync_2564	WP_011620458.1
sync_2565	WP_011620459.1
sync_2566	WP_237699220.1
sync_2567	WP_041426740.1
sync_2568	WP_011620462.1
sync_2569	WP_011620463.1
sync_2570	WP_011620464.1
sync_2571	WP_011620465.1
sync_2572	WP_011620466.1
sync_2573	WP_011620467.1
sync_2574	WP_011620468.1
sync_2575	WP_011620469.1
sync_2576	WP_011620470.1
sync_2577	WP_011620471.1
sync_2579	WP_011620473.1
sync_2581	WP_011620475.1
sync_2583	WP_041426741.1
sync_2584	WP_041426743.1
sync_2585	WP_011620479.1
sync_2586	WP_011618836.1
sync_2587	WP_041426744.1
sync_2588	WP_041426745.1
sync_2591	WP_011620483.1
sync_2592	WP_041426747.1
sync_2593	WP_237699221.1
sync_2594	WP_041426748.1
sync_2595	WP_369791613.1
sync_2596	WP_011620488.1
sync_2597	WP_011620489.1
sync_2598	WP_011620490.1
sync_2599	WP_041427123.1
sync_2600	WP_011620492.1
sync_2601	WP_011620493.1
sync_2602	WP_011620494.1
sync_2603	WP_011620495.1
sync_2604	WP_041426749.1
sync_2605	WP_011620497.1
sync_2606	WP_011620498.1
sync_2607	WP_011620499.1
sync_2608	WP_011620500.1
sync_2609	WP_011620501.1
sync_2610	WP_011620502.1
sync_2611	WP_011620503.1
sync_2612	WP_011620504.1
sync_2613	WP_011620505.1
sync_2614	WP_011620506.1
sync_2615	WP_011620507.1
sync_2616	WP_011620508.1
sync_2617	WP_011620509.1
sync_2618	WP_011620510.1
sync_2619	WP_369791619.1
sync_2620	WP_041426752.1
sync_2621	WP_011620513.1
sync_2622	WP_006854001.1
sync_2623	WP_011620515.1
sync_2624	WP_011620516.1
sync_2625	WP_011620517.1
sync_2626	WP_011620518.1
sync_2627	WP_011620519.1
sync_2628	WP_011620520.1
sync_2629	WP_041427126.1
sync_2630	WP_041427127.1
sync_2631	WP_237699222.1
sync_2632	WP_011620524.1
sync_2633	WP_011620525.1
sync_2634	WP_011620526.1
sync_2635	WP_011620527.1
sync_2636	WP_041427128.1
sync_2637	WP_041426756.1
sync_2638	WP_041427129.1
sync_2639	WP_011620531.1
sync_2640	WP_011620532.1
sync_2641	WP_011620533.1
sync_2642	WP_011620534.1
sync_2643	WP_237699223.1
sync_2644	WP_041426757.1
sync_2645	WP_011620537.1
sync_2646	WP_011620538.1
sync_2647	WP_011620539.1
sync_2648	WP_011620540.1
sync_2649	WP_011620541.1
sync_2650	WP_011620542.1
sync_2651	WP_148201911.1
sync_2652	WP_011620544.1
sync_2653	WP_011620545.1
sync_2654	WP_041426758.1
sync_2655	WP_011620547.1
sync_2656	WP_041427132.1
sync_2657	WP_011620549.1
sync_2658	WP_011620550.1
sync_2659	WP_011620551.1
sync_2660	WP_011620552.1
sync_2661	WP_011620553.1
sync_2662	WP_011620554.1
sync_2663	WP_011620555.1
sync_2664	WP_041426760.1
sync_2665	WP_237699225.1
sync_2666	WP_011620558.1
sync_2667	WP_011620559.1
sync_2668	WP_237699226.1
sync_2669	WP_011620561.1
sync_2670	WP_041426761.1
sync_2671	WP_041426763.1
sync_2672	WP_167897233.1
sync_2673	WP_011620565.1
sync_2674	WP_011620566.1
sync_2675	WP_237699227.1
sync_2676	WP_237699228.1
sync_2677	WP_011620569.1
sync_2678	WP_011620570.1
sync_2679	WP_011620571.1
sync_2681	WP_011620573.1
sync_2682	WP_011620574.1
sync_2683	WP_011620575.1
sync_2684	WP_011620576.1
sync_2685	WP_083756079.1
sync_2686	WP_148201912.1
sync_2687	WP_167897237.1
sync_2689	WP_167897239.1
sync_2691	WP_011620583.1
sync_2692	WP_049750413.1
sync_2693	WP_202795157.1
sync_2696	WP_011620588.1
sync_2697	WP_167897241.1
sync_2698	WP_011620590.1
sync_2699	WP_011620591.1
sync_2700	WP_011620592.1
sync_2701	WP_083756100.1
sync_2702	WP_011620594.1
sync_2703	WP_011620595.1
sync_2705	WP_041426771.1
sync_2706	WP_041426772.1
sync_2707	WP_011620599.1
sync_2708	WP_011620600.1
sync_2709	WP_011620601.1
sync_2710	WP_011620602.1
sync_2712	WP_049750366.1
sync_2713	WP_011620605.1
sync_2714	WP_011620606.1
sync_2715	WP_011620607.1
sync_2716	WP_041426774.1
sync_2717	WP_237699230.1
sync_2718	WP_011620610.1
sync_2719	WP_011620611.1
sync_2720	WP_041426775.1
sync_2721	WP_011620613.1
sync_2722	WP_011620614.1
sync_2723	WP_041427140.1
sync_2724	WP_011620616.1
sync_2725	WP_011620617.1
sync_2726	WP_011620618.1
sync_2727	WP_011620619.1
sync_2728	WP_041426776.1
sync_2729	WP_011620621.1
sync_2730	WP_011620622.1
sync_2731	WP_041427141.1
sync_2732	WP_011620624.1
sync_2733	WP_011620625.1
sync_2734	WP_011620626.1
sync_2735	WP_011620627.1
sync_2736	WP_011620628.1
sync_2737	WP_049750367.1
sync_2738	WP_237699231.1
sync_2739	WP_011620631.1
sync_2740	WP_041427144.1
sync_2741	WP_011620633.1
sync_2742	WP_011620634.1
sync_2743	WP_011620635.1
sync_2744	WP_011620636.1
sync_2745	WP_011620637.1
sync_2748	WP_011620640.1
sync_2749	WP_167897243.1
sync_2757	WP_237699232.1
sync_2759	WP_011620651.1
sync_2764	WP_237699232.1
sync_2765	WP_011620654.1
sync_2766	WP_041426783.1
sync_2767	WP_011620656.1
sync_2768	WP_011620657.1
sync_2769	WP_011620658.1
sync_2770	WP_011620659.1
sync_2771	WP_011620660.1
sync_2772	WP_011620661.1
sync_2773	WP_011620662.1
sync_2775	WP_011620664.1
sync_2776	WP_011620665.1
sync_2777	WP_011620666.1
sync_2778	WP_202795158.1
sync_2779	WP_011620668.1
sync_2780	WP_011620669.1
sync_2781	WP_011620670.1
sync_2782	WP_369791620.1
sync_2783	WP_148201917.1
sync_2784	WP_011620673.1
sync_2786	WP_011620675.1
sync_2787	WP_011620676.1
sync_2788	WP_041426786.1
sync_2789	WP_011620678.1
sync_2790	WP_041426787.1
sync_2791	WP_369791621.1
sync_2792	WP_011620681.1
sync_2793	WP_011620682.1
sync_2794	WP_011620683.1
sync_2795	WP_011620684.1
sync_2796	WP_011620685.1
sync_2797	WP_011620686.1
sync_2798	WP_011620687.1
sync_2801	WP_369791622.1
sync_2802	WP_011620690.1
sync_2803	WP_011620691.1
sync_2804	WP_011620692.1
sync_2805	WP_011620693.1
sync_2806	WP_011620694.1
sync_2807	WP_011620695.1
sync_2808	WP_011620696.1
sync_2809	WP_011620697.1
sync_2811	WP_071813720.1
sync_2812	WP_011620700.1
sync_2813	WP_011620701.1
sync_2814	WP_011620702.1
sync_2815	WP_041426790.1
sync_2816	WP_041426792.1
sync_2817	WP_148201919.1
sync_2818	WP_237699233.1
sync_2819	WP_011620707.1
sync_2820	WP_148201920.1
sync_2824	WP_041426796.1
sync_2825	WP_011620713.1
sync_2826	WP_237699234.1
sync_2827	WP_011620715.1
sync_2828	WP_041426797.1
sync_2829	WP_011620717.1
sync_2830	WP_011620718.1
sync_2831	WP_011620719.1
sync_2832	WP_011620720.1
sync_2833	WP_167897247.1
sync_2835	WP_011620723.1
sync_2838	WP_011620726.1
sync_2839	WP_041426799.1
sync_2841	WP_041427149.1
sync_2842	WP_011620730.1
sync_2843	WP_167897248.1
sync_2845	WP_011620732.1
sync_2846	WP_011620733.1
sync_2847	WP_011620734.1
sync_2848	WP_041426802.1
sync_2849	WP_167897249.1
sync_2850	WP_011620737.1
sync_2851	WP_011620738.1
sync_2853	WP_011620740.1
sync_2854	WP_041426803.1
sync_2855	WP_011620742.1
sync_2856	WP_011620743.1
sync_2857	WP_011620744.1
sync_2858	WP_011620745.1
sync_2859	WP_011620746.1
sync_2860	WP_049750371.1
sync_2861	WP_011620748.1
sync_2862	WP_011620749.1
sync_2863	WP_011620750.1
sync_2864	WP_041427151.1
sync_2865	WP_011620752.1
sync_2866	WP_011620753.1
sync_2867	WP_011620754.1
sync_2868	WP_011620755.1
sync_2869	WP_011620756.1
sync_2870	WP_041426806.1
sync_2871	WP_011620758.1
sync_2872	WP_041427153.1
sync_2873	WP_011620760.1
sync_2874	WP_011620761.1
sync_2875	WP_011620762.1
sync_2876	WP_011620763.1
sync_2877	WP_011620764.1
sync_2878	WP_011620765.1
sync_2879	WP_011620766.1
sync_2880	WP_011620767.1
sync_2881	WP_011620768.1
sync_2882	WP_011620769.1
sync_2883	WP_011620770.1
sync_2884	WP_011620771.1
sync_2885	WP_041426807.1
sync_2886	WP_011620773.1
sync_2887	WP_011620774.1
sync_2888	WP_011620775.1
sync_2889	WP_011620776.1
sync_2890	WP_011620777.1
sync_2891	WP_011620778.1
sync_2892	WP_011620779.1
sync_2893	WP_193328834.1
sync_2894	WP_041427155.1
sync_2896	WP_011620783.1
sync_2897	WP_011620784.1
sync_2898	WP_041426810.1
sync_2899	WP_011620786.1
sync_2900	WP_011620787.1
sync_2901	WP_011620788.1
sync_2904	WP_011620791.1
sync_2905	WP_011620792.1
sync_2906	WP_041427157.1
sync_2907	WP_011620794.1
sync_2908	WP_049750372.1
sync_2909	WP_011620796.1
sync_2910	WP_011620797.1
sync_2911	WP_011620798.1
sync_2914	WP_011620801.1
sync_2915	WP_011620802.1
sync_2916	WP_011620803.1
sync_2917	WP_011620804.1
sync_2918	WP_011620805.1
sync_2919	WP_011620806.1
sync_2920	WP_041427160.1
sync_2921	WP_148201927.1
sync_2922	WP_011620809.1
sync_2923	WP_011620810.1
sync_2924	WP_011620811.1
sync_2925	WP_011620812.1
sync_2926	WP_011620813.1
sync_2927	WP_011620814.1
sync_2928	WP_011620815.1
sync_2929	WP_237699318.1
sync_2930	WP_006854943.1
sync_2931	WP_011620817.1
sync_2932	WP_041426812.1
sync_2933	WP_011620819.1
sync_2934	WP_006854947.1
sync_2935	WP_041426813.1
sync_2936	WP_041427162.1
sync_2938	WP_011620823.1
sync_2939	WP_011620824.1
sync_2940	WP_011620825.1
sync_2941	WP_193328860.1
sync_2942	WP_011620827.1
sync_2943	WP_011620828.1
