locus_tag	has_pfam	n_pfam_domains	pfam_domains
sync_0001	yes	3	PF00712.25;PF02767.22;PF02768.21
sync_0002	no	0	
sync_0003	yes	3	PF00586.30;PF02769.28;PF18072.7
sync_0004	yes	2	PF13522.12;PF13537.12
sync_0005	yes	1	PF00521.27
sync_0006	yes	1	PF13432.13
sync_0007	yes	2	PF08331.16;PF13484.12
sync_0008	yes	1	PF28006.1
sync_0009	yes	1	PF04367.19
sync_0010	yes	1	PF01029.24
sync_0011	yes	1	PF00448.29
sync_0012	yes	1	PF07228.18
sync_0013	yes	2	PF00206.26;PF14698.12
sync_0014	yes	1	PF00076.29
sync_0015	yes	1	PF01207.24
sync_0016	yes	1	PF01641.27
sync_0017	yes	2	PF03486.21;PF22780.2
sync_0018	no	0	
sync_0019	yes	1	PF00482.29
sync_0020	yes	1	PF00437.27
sync_0021	yes	1	PF00437.27
sync_0022	yes	1	PF01025.25
sync_0023	yes	3	PF00226.37;PF00684.26;PF01556.24
sync_0024	yes	1	PF01206.23
sync_0025	yes	1	PF03193.23
sync_0026	yes	1	PF02575.22
sync_0027	yes	2	PF01565.29;PF02873.22
sync_0028	yes	3	PF01225.31;PF02875.27;PF08245.19
sync_0029	yes	2	PF00044.31;PF02800.26
sync_0030	yes	1	PF00586.30
sync_0031	yes	2	PF00160.27;PF21329.3
sync_0032	yes	3	PF01132.28;PF08207.19;PF09285.18
sync_0033	yes	1	PF00364.29
sync_0034	yes	1	PF04166.18
sync_0035	no	0	
sync_0036	no	0	
sync_0037	yes	2	PF01844.30;PF14279.13
sync_0038	yes	2	PF00176.30;PF00271.38
sync_0039	yes	1	PF20191.4
sync_0040	yes	1	PF05145.18
sync_0041	no	0	
sync_0042	no	0	
sync_0043	no	0	
sync_0045	yes	1	PF00266.26
sync_0046	yes	1	PF01888.23
sync_0047	yes	2	PF00117.35;PF00958.28
sync_0048	no	0	
sync_0049	no	0	
sync_0050	no	0	
sync_0051	yes	2	PF00905.28;PF03717.21
sync_0052	yes	4	PF00534.27;PF13439.13;PF13579.13;PF13692.13
sync_0053	yes	2	PF01370.28;PF16363.12
sync_0054	no	0	
sync_0055	yes	1	PF05690.21
sync_0056	no	0	
sync_0057	no	0	
sync_0058	yes	1	PF00453.24
sync_0059	yes	1	PF01632.25
sync_0060	yes	1	PF08486.16
sync_0061	yes	4	PF00535.33;PF13506.14;PF13632.13;PF13641.13
sync_0062	yes	4	PF00004.36;PF12169.14;PF13177.13;PF22608.3
sync_0063	yes	1	PF04970.20
sync_0064	yes	4	PF00004.36;PF06689.20;PF07724.21;PF10431.16
sync_0065	yes	1	PF00574.29
sync_0066	yes	3	PF00254.35;PF05697.19;PF05698.20
sync_0067	yes	2	PF01118.31;PF02774.24
sync_0068	yes	1	PF00701.29
sync_0069	yes	2	PF00753.34;PF22505.2
sync_0070	no	0	
sync_0071	yes	1	PF01171.27
sync_0072	yes	1	PF04481.19
sync_0073	yes	1	PF04020.19
sync_0074	yes	6	PF00271.38;PF02151.26;PF04851.22;PF12344.15;PF17757.7;PF27431.1
sync_0075	yes	3	PF00696.34;PF01842.32;PF22468.3
sync_0076	yes	1	PF03783.21
sync_0077	yes	2	PF06144.20;PF21694.3
sync_0078	yes	1	PF02570.21
sync_0079	yes	5	PF00488.28;PF01624.26;PF05188.24;PF05190.24;PF05192.24
sync_0080	yes	1	PF01737.23
sync_0081	yes	1	PF00885.25
sync_0083	yes	1	PF00903.32
sync_0084	yes	3	PF00583.32;PF13508.14;PF13673.14
sync_0085	yes	4	PF00534.27;PF13439.13;PF13579.13;PF13692.13
sync_0086	yes	4	PF01043.27;PF07516.19;PF07517.21;PF21090.4
sync_0088	yes	1	PF00392.28
sync_0089	yes	1	PF01738.25
sync_0090	yes	2	PF00707.28;PF05198.22
sync_0091	yes	1	PF01715.24
sync_0092	yes	4	PF00204.32;PF00986.27;PF01751.29;PF02518.32
sync_0093	no	0	
sync_0094	yes	1	PF02537.22
sync_0095	yes	1	PF02537.22
sync_0096	yes	1	PF00255.26
sync_0097	yes	3	PF00571.34;PF01769.22;PF03448.23
sync_0098	yes	4	PF00140.26;PF04539.23;PF04542.21;PF04545.23
sync_0099	yes	3	PF00561.27;PF12146.16;PF12697.14
sync_0100	yes	1	PF00873.26
sync_0101	yes	1	PF25917.1
sync_0102	yes	3	PF00293.35;PF00730.32;PF14815.13
sync_0103	yes	1	PF00294.30
sync_0104	yes	1	PF00294.30
sync_0105	yes	1	PF00120.30
sync_0106	yes	1	PF00474.24
sync_0107	yes	1	PF02367.24
sync_0108	yes	3	PF00670.28;PF02826.26;PF05221.24
sync_0109	yes	1	PF09335.17
sync_0110	yes	1	PF00436.32
sync_0111	yes	2	PF06723.20;PF14450.13
sync_0112	yes	1	PF04085.21
sync_0113	no	0	
sync_0114	yes	2	PF01547.31;PF13416.12
sync_0115	yes	2	PF00072.31;PF00486.35
sync_0116	yes	2	PF00152.26;PF01336.32
sync_0117	no	0	
sync_0118	yes	2	PF27863.1;PF27865.1
sync_0119	yes	1	PF27862.1
sync_0120	yes	1	PF10017.16
sync_0121	yes	1	PF03781.23
sync_0122	yes	1	PF00069.32
sync_0123	yes	1	PF01668.24
sync_0124	yes	5	PF00004.36;PF05491.20;PF05496.19;PF07728.21;PF17864.8
sync_0125	no	0	
sync_0126	yes	2	PF01546.34;PF07687.20
sync_0127	yes	1	PF11384.14
sync_0128	yes	1	PF13646.13
sync_0129	yes	1	PF01964.25
sync_0130	yes	4	PF00456.27;PF02779.30;PF02780.26;PF22613.2
sync_0131	yes	2	PF00109.33;PF02801.29
sync_0132	yes	1	PF00550.32
sync_0133	yes	1	PF12838.13
sync_0134	yes	3	PF01380.28;PF13522.12;PF13537.12
sync_0135	no	0	
sync_0136	no	0	
sync_0139	yes	2	PF00535.33;PF10111.15
sync_0140	no	0	
sync_0141	yes	1	PF01531.23
sync_0142	no	0	
sync_0143	no	0	
sync_0144	no	0	
sync_0145	yes	2	PF01370.28;PF16363.12
sync_0146	yes	2	PF01370.28;PF16363.12
sync_0147	yes	1	PF02397.23
sync_0149	yes	1	PF02563.22
sync_0150	no	0	
sync_0151	yes	1	PF00782.26
sync_0152	no	0	
sync_0153	no	0	
sync_0154	no	0	
sync_0155	yes	1	PF13506.14
sync_0156	yes	11	PF00107.33;PF00109.33;PF00550.32;PF02801.29;PF07993.19;PF08659.17;PF13602.13;PF14765.13;PF16197.12;PF21089.4;PF22621.3
sync_0157	no	0	
sync_0158	no	0	
sync_0159	yes	3	PF01073.26;PF01370.28;PF16363.12
sync_0160	yes	4	PF00483.30;PF01050.25;PF07883.18;PF22640.2
sync_0162	no	0	
sync_0164	no	0	
sync_0165	yes	1	PF08780.17
sync_0166	yes	2	PF01909.30;PF18765.8
sync_0168	no	0	
sync_0169	yes	1	PF02350.26
sync_0170	yes	1	PF02348.26
sync_0171	yes	1	PF03023.20
sync_0172	yes	1	PF00117.35
sync_0173	yes	1	PF17836.8
sync_0174	yes	1	PF03102.21
sync_0175	no	0	
sync_0176	yes	1	PF00977.28
sync_0177	no	0	
sync_0178	yes	3	PF00733.28;PF13522.12;PF13537.12
sync_0179	yes	1	PF01041.24
sync_0180	no	0	
sync_0181	yes	1	PF03102.21
sync_0182	yes	1	PF02348.26
sync_0183	yes	1	PF02397.23
sync_0184	no	0	
sync_0185	no	0	
sync_0186	yes	1	PF01636.30
sync_0187	yes	2	PF00106.32;PF13561.13
sync_0189	no	0	
sync_0190	no	0	
sync_0192	yes	3	PF01370.28;PF02719.22;PF04321.24
sync_0194	yes	3	PF00939.26;PF02080.27;PF03600.23
sync_0195	yes	3	PF01782.25;PF05239.22;PF24986.2
sync_0196	yes	1	PF11623.15
sync_0197	yes	2	PF00520.38;PF07885.23
sync_0198	yes	1	PF01850.28
sync_0199	no	0	
sync_0200	yes	3	PF00035.33;PF00636.32;PF14622.12
sync_0202	yes	1	PF01741.24
sync_0203	no	0	
sync_0204	no	0	
sync_0205	yes	1	PF00343.27
sync_0206	yes	1	PF00999.27
sync_0207	no	0	
sync_0208	yes	3	PF00561.27;PF12146.16;PF12697.14
sync_0209	yes	1	PF01263.27
sync_0210	yes	1	PF01565.29
sync_0211	yes	2	PF07005.17;PF17042.11
sync_0212	no	0	
sync_0213	yes	2	PF02754.22;PF13183.12
sync_0214	yes	1	PF00180.26
sync_0215	no	0	
sync_0216	yes	1	PF01126.26
sync_0217	no	0	
sync_0219	yes	2	PF00005.34;PF00664.29
sync_0220	yes	2	PF00534.27;PF13692.13
sync_0221	yes	3	PF00534.27;PF13439.13;PF13692.13
sync_0222	yes	3	PF00534.27;PF13692.13;PF20706.4
sync_0223	yes	2	PF00534.27;PF13692.13
sync_0224	no	0	
sync_0226	yes	2	PF00685.34;PF13469.13
sync_0227	yes	3	PF00580.28;PF13245.13;PF13361.13
sync_0228	yes	1	PF01743.27
sync_0229	yes	1	PF04932.21
sync_0230	yes	2	PF00586.30;PF02769.28
sync_0231	yes	5	PF01073.26;PF01370.28;PF02719.22;PF08659.17;PF16363.12
sync_0232	yes	3	PF00587.31;PF03129.26;PF13393.12
sync_0233	yes	3	PF00984.25;PF03720.23;PF03721.21
sync_0234	yes	5	PF01073.26;PF01370.28;PF02719.22;PF04321.24;PF16363.12
sync_0236	yes	1	PF01788.23
sync_0237	yes	1	PF02419.23
sync_0238	yes	1	PF00283.25
sync_0239	yes	2	PF00283.25;PF00284.26
sync_0240	yes	1	PF14870.13
sync_0241	yes	1	PF00301.26
sync_0242	yes	1	PF00507.25
sync_0243	yes	1	PF01058.30
sync_0244	yes	1	PF00329.26
sync_0245	yes	1	PF01933.24
sync_0246	yes	1	PF00005.34
sync_0247	yes	1	PF02470.26
sync_0248	yes	3	PF13519.13;PF17863.8;PF26791.1
sync_0249	yes	1	PF01288.26
sync_0252	yes	2	PF00875.25;PF03441.20
sync_0253	yes	1	PF01041.24
sync_0254	no	0	
sync_0255	no	0	
sync_0256	no	0	
sync_0257	yes	1	PF03441.20
sync_0258	yes	2	PF00106.32;PF13561.13
sync_0259	yes	1	PF25539.2
sync_0260	yes	1	PF00475.25
sync_0261	yes	1	PF03055.22
sync_0262	yes	1	PF22778.4
sync_0263	yes	2	PF00512.32;PF02518.32
sync_0264	yes	1	PF12833.14
sync_0265	yes	1	PF00072.31
sync_0266	yes	1	PF04402.20
sync_0267	yes	1	PF07690.22
sync_0268	yes	1	PF02028.25
sync_0269	yes	1	PF01266.31
sync_0270	yes	1	PF00208.28
sync_0271	yes	1	PF03492.22
sync_0272	yes	1	PF01725.22
sync_0273	yes	3	PF02878.23;PF02879.23;PF02880.23
sync_0274	yes	1	PF13482.13
sync_0275	no	0	
sync_0276	no	0	
sync_0277	no	0	
sync_0279	yes	2	PF01595.26;PF03471.23
sync_0280	yes	3	PF01408.29;PF02894.23;PF22725.2
sync_0281	yes	2	PF00723.28;PF19292.5
sync_0282	yes	1	PF03808.20
sync_0283	yes	1	PF02533.21
sync_0284	yes	1	PF01702.26
sync_0285	yes	1	PF02654.21
sync_0286	yes	1	PF02518.32
sync_0287	yes	1	PF11352.14
sync_0288	yes	1	PF02230.23
sync_0289	yes	2	PF01808.25;PF02142.28
sync_0290	yes	1	PF13301.12
sync_0291	yes	1	PF09366.16
sync_0292	yes	1	PF02401.24
sync_0293	yes	1	PF00909.27
sync_0294	yes	2	PF03749.20;PF17746.8
sync_0295	yes	1	PF03023.20
sync_0296	no	0	
sync_0297	yes	1	PF11378.14
sync_0298	no	0	
sync_0300	yes	2	PF00155.28;PF00464.26
sync_0301	yes	1	PF00953.27
sync_0302	yes	3	PF00994.30;PF02464.24;PF18146.7
sync_0303	yes	1	PF00330.26
sync_0304	yes	1	PF00694.26
sync_0305	yes	1	PF00805.29
sync_0306	yes	1	PF12600.15
sync_0307	yes	1	PF02532.20
sync_0308	yes	3	PF01074.29;PF07748.20;PF09261.17
sync_0309	yes	1	PF02468.21
sync_0310	yes	1	PF00737.26
sync_0311	yes	1	PF02416.22
sync_0312	yes	1	PF01195.26
sync_0313	yes	1	PF11344.14
sync_0314	no	0	
sync_0315	yes	1	PF11283.14
sync_0316	yes	3	PF00027.36;PF00325.27;PF13545.13
sync_0317	yes	2	PF01138.28;PF03725.21
sync_0318	yes	1	PF02572.22
sync_0319	yes	1	PF22769.2
sync_0320	yes	1	PF02511.21
sync_0321	yes	1	PF00085.27
sync_0322	no	0	
sync_0323	yes	1	PF01464.26
sync_0325	yes	4	PF00408.27;PF02878.23;PF02879.23;PF02880.23
sync_0326	yes	1	PF01869.27
sync_0327	yes	1	PF04932.21
sync_0328	yes	1	PF02390.24
sync_0329	yes	2	PF08495.16;PF10442.15
sync_0330	yes	1	PF11375.14
sync_0331	yes	1	PF24869.2
sync_0332	no	0	
sync_0333	yes	3	PF00133.29;PF08264.20;PF09334.18
sync_0334	no	0	
sync_0336	yes	1	PF00487.31
sync_0337	yes	1	PF02686.21
sync_0338	yes	1	PF02633.20
sync_0339	no	0	
sync_0340	yes	1	PF02592.21
sync_0342	yes	1	PF02245.22
sync_0343	yes	2	PF00185.31;PF02729.27
sync_0344	yes	1	PF07992.21
sync_0345	yes	1	PF04483.18
sync_0346	no	0	
sync_0347	no	0	
sync_0348	no	0	
sync_0349	yes	2	PF00144.30;PF17660.7
sync_0351	yes	1	PF10742.15
sync_0352	yes	2	PF02441.25;PF04127.23
sync_0353	yes	1	PF01716.25
sync_0354	yes	2	PF01747.24;PF14306.13
sync_0355	yes	3	PF00004.36;PF01434.25;PF17862.8
sync_0356	yes	1	PF01081.26
sync_0357	no	0	
sync_0358	yes	1	PF01264.27
sync_0359	yes	1	PF06172.18
sync_0360	no	0	
sync_0361	yes	1	PF00128.32
sync_0362	yes	1	PF08282.19
sync_0363	yes	1	PF02566.25
sync_0364	no	0	
sync_0365	no	0	
sync_0366	yes	2	PF00497.26;PF03458.19
sync_0369	yes	1	PF04055.28
sync_0370	yes	1	PF02517.22
sync_0371	yes	1	PF02617.23
sync_0372	yes	1	PF00155.28
sync_0373	yes	3	PF04055.28;PF10105.15;PF19864.6
sync_0374	yes	1	PF10150.15
sync_0375	yes	1	PF01351.26
sync_0376	yes	1	PF09366.16
sync_0377	yes	1	PF00800.24
sync_0378	yes	6	PF02353.27;PF08241.19;PF08242.19;PF13489.13;PF13649.13;PF13847.13
sync_0379	yes	1	PF02190.23
sync_0380	yes	1	PF00338.28
sync_0381	yes	3	PF00009.34;PF03143.24;PF03144.32
sync_0382	yes	6	PF00009.34;PF00679.31;PF03144.32;PF03764.25;PF14492.13;PF22042.3
sync_0383	yes	1	PF00177.28
sync_0384	yes	1	PF00164.32
sync_0385	no	0	
sync_0386	yes	1	PF09992.15
sync_0387	yes	4	PF00310.27;PF01493.26;PF01645.24;PF04898.21
sync_0388	no	0	
sync_0389	yes	1	PF04055.28
sync_0391	yes	3	PF00590.26;PF01890.22;PF11760.14
sync_0392	no	0	
sync_0393	yes	1	PF00223.25
sync_0394	yes	1	PF00223.25
sync_0395	no	0	
sync_0396	yes	1	PF00487.31
sync_0397	yes	1	PF00873.26
sync_0398	yes	1	PF02605.21
sync_0399	no	0	
sync_0400	no	0	
sync_0401	yes	2	PF00535.33;PF13641.13
sync_0402	yes	1	PF00877.26
sync_0403	yes	1	PF13354.13
sync_0406	yes	2	PF00842.28;PF01168.27
sync_0407	yes	2	PF01844.30;PF14279.13
sync_0408	yes	2	PF00472.27;PF03462.24
sync_0409	yes	1	PF01197.24
sync_0410	yes	1	PF00380.26
sync_0411	yes	1	PF00572.25
sync_0412	yes	1	PF01416.26
sync_0413	yes	1	PF01196.25
sync_0414	yes	3	PF01000.32;PF01193.30;PF03118.22
sync_0415	yes	1	PF00411.25
sync_0416	yes	1	PF00416.28
sync_0417	yes	1	PF00444.24
sync_0418	yes	2	PF00406.30;PF13207.13
sync_0419	yes	1	PF00344.26
sync_0420	yes	1	PF00828.26
sync_0421	yes	2	PF00333.27;PF03719.22
sync_0422	yes	1	PF00861.28
sync_0423	yes	1	PF00347.29
sync_0424	yes	1	PF00410.25
sync_0425	yes	2	PF00281.25;PF00673.27
sync_0426	yes	2	PF00467.36;PF17136.11
sync_0427	yes	1	PF00238.25
sync_0428	yes	1	PF00366.27
sync_0429	yes	1	PF00831.29
sync_0430	yes	1	PF00252.25
sync_0431	yes	2	PF00189.26;PF07650.24
sync_0432	yes	1	PF00237.25
sync_0433	yes	1	PF00203.27
sync_0434	yes	2	PF00181.31;PF03947.25
sync_0435	yes	1	PF00276.26
sync_0436	yes	1	PF00573.28
sync_0437	yes	1	PF00297.29
sync_0438	yes	1	PF11909.14
sync_0439	yes	2	PF12617.14;PF25160.2
sync_0440	yes	2	PF19568.6;PF25516.2
sync_0442	no	0	
sync_0443	yes	2	PF00154.28;PF21096.3
sync_0444	yes	1	PF08844.16
sync_0445	yes	1	PF10999.14
sync_0446	no	0	
sync_0447	yes	2	PF02153.24;PF20463.4
sync_0448	yes	3	PF01266.31;PF01593.31;PF13450.13
sync_0449	yes	2	PF01636.30;PF03881.21
sync_0450	yes	1	PF14159.12
sync_0451	yes	1	PF14464.12
sync_0452	yes	2	PF00581.26;PF00899.28
sync_0453	yes	1	PF02572.22
sync_0454	no	0	
sync_0455	yes	1	PF00282.26
sync_0456	yes	1	PF02675.22
sync_0457	yes	1	PF02463.26
sync_0459	no	0	
sync_0460	yes	1	PF00311.24
sync_0461	yes	1	PF04107.19
sync_0462	yes	2	PF00425.25;PF04715.20
sync_0463	yes	1	PF02531.22
sync_0464	no	0	
sync_0465	yes	1	PF01098.25
sync_0466	yes	3	PF01656.30;PF10609.16;PF13614.13
sync_0467	yes	1	PF01218.24
sync_0468	no	0	
sync_0469	yes	1	PF12046.14
sync_0470	no	0	
sync_0471	yes	1	PF01612.27
sync_0472	no	0	
sync_0473	no	0	
sync_0476	yes	2	PF00520.38;PF07885.23
sync_0477	no	0	
sync_0478	no	0	
sync_0479	yes	1	PF00248.28
sync_0480	no	0	
sync_0481	yes	2	PF00586.30;PF02769.28
sync_0482	yes	1	PF03330.25
sync_0483	yes	2	PF02224.25;PF02569.22
sync_0484	yes	1	PF01451.28
sync_0485	yes	1	PF13646.13
sync_0486	yes	1	PF13646.13
sync_0487	yes	1	PF06206.18
sync_0488	yes	1	PF00502.26
sync_0489	yes	1	PF00502.26
sync_0490	yes	1	PF05996.18
sync_0491	yes	1	PF05996.18
sync_0492	yes	1	PF09367.17
sync_0493	no	0	
sync_0495	yes	1	PF00502.26
sync_0496	yes	1	PF00502.26
sync_0497	yes	1	PF13646.13
sync_0498	yes	1	PF10847.15
sync_0499	no	0	
sync_0500	yes	1	PF13646.13
sync_0501	yes	1	PF13646.13
sync_0502	yes	1	PF00427.27
sync_0504	yes	1	PF00502.26
sync_0505	yes	1	PF00502.26
sync_0506	no	0	
sync_0507	no	0	
sync_0508	yes	1	PF07862.17
sync_0509	yes	1	PF06206.18
sync_0510	yes	1	PF09367.17
sync_0511	yes	1	PF00427.27
sync_0512	yes	1	PF00427.27
sync_0513	yes	2	PF00427.27;PF01383.28
sync_0514	no	0	
sync_0515	yes	1	PF00427.27
sync_0516	yes	1	PF00427.27
sync_0517	yes	1	PF00502.26
sync_0518	no	0	
sync_0519	no	0	
sync_0520	no	0	
sync_0521	no	0	
sync_0525	no	0	
sync_0526	yes	1	PF10615.15
sync_0528	no	0	
sync_0529	yes	3	PF00438.26;PF02772.22;PF02773.22
sync_0530	yes	3	PF00702.33;PF12710.14;PF13419.13
sync_0531	yes	1	PF00575.30
sync_0532	yes	2	PF03477.22;PF22811.3
sync_0533	yes	1	PF01405.24
sync_0534	yes	1	PF00421.25
sync_0535	no	0	
sync_0536	yes	1	PF05151.18
sync_0537	yes	1	PF00582.33
sync_0538	yes	1	PF13279.13
sync_0539	yes	1	PF02481.22
sync_0540	yes	1	PF05175.21
sync_0541	yes	1	PF01300.25
sync_0543	yes	1	PF00196.26
sync_0544	yes	1	PF03776.20
sync_0545	yes	4	PF01656.30;PF06564.19;PF10609.16;PF13614.13
sync_0546	yes	1	PF03775.23
sync_0547	yes	1	PF01966.29
sync_0548	yes	1	PF03572.24
sync_0549	yes	2	PF00033.25;PF13631.12
sync_0550	yes	1	PF00032.23
sync_0551	yes	1	PF12899.14
sync_0552	no	0	
sync_0559	yes	1	PF00916.27
sync_0561	yes	3	PF01149.30;PF06827.21;PF06831.20
sync_0562	yes	1	PF02427.24
sync_0563	no	0	
sync_0564	yes	2	PF00270.36;PF00271.38
sync_0565	yes	1	PF01476.27
sync_0566	yes	1	PF00171.28
sync_0567	yes	2	PF00128.32;PF16657.12
sync_0568	yes	2	PF01266.31;PF16901.11
sync_0569	yes	2	PF00370.28;PF02782.23
sync_0570	yes	1	PF00128.32
sync_0571	no	0	
sync_0572	no	0	
sync_0573	yes	3	PF02518.32;PF02743.25;PF22673.3
sync_0574	yes	2	PF00072.31;PF00196.26
sync_0578	yes	1	PF01220.25
sync_0579	yes	1	PF06175.18
sync_0581	no	0	
sync_0582	no	0	
sync_0584	no	0	
sync_0586	yes	1	PF00196.26
sync_0589	yes	1	PF03079.21
sync_0590	yes	1	PF00590.26
sync_0591	yes	1	PF13301.12
sync_0592	yes	4	PF00535.33;PF13506.14;PF13632.13;PF13641.13
sync_0593	yes	1	PF01207.24
sync_0594	yes	1	PF08853.17
sync_0595	yes	1	PF03734.20
sync_0596	yes	4	PF00009.34;PF01926.30;PF02421.25;PF14714.12
sync_0597	yes	1	PF02361.22
sync_0598	yes	1	PF12058.14
sync_0599	yes	1	PF01168.27
sync_0600	yes	1	PF04472.18
sync_0601	yes	1	PF14748.12
sync_0602	yes	4	PF00534.27;PF13439.13;PF13579.13;PF13692.13
sync_0603	yes	2	PF05977.20;PF07690.22
sync_0604	yes	2	PF02565.22;PF11967.15
sync_0605	no	0	
sync_0606	yes	2	PF02482.26;PF16321.11
sync_0607	yes	1	PF21948.2
sync_0608	yes	2	PF00501.35;PF23562.3
sync_0609	no	0	
sync_0610	no	0	
sync_0613	no	0	
sync_0614	no	0	
sync_0616	yes	1	PF11068.14
sync_0617	yes	3	PF00198.29;PF00364.29;PF02817.23
sync_0618	yes	1	PF13520.13
sync_0619	yes	1	PF02547.21
sync_0620	yes	1	PF00291.32
sync_0621	yes	1	PF13505.13
sync_0622	yes	1	PF01053.27
sync_0623	yes	1	PF01053.27
sync_0624	no	0	
sync_0626	yes	1	PF07864.17
sync_0627	no	0	
sync_0628	no	0	
sync_0629	yes	2	PF00163.25;PF01479.31
sync_0630	yes	1	PF01809.24
sync_0631	yes	1	PF05768.21
sync_0632	yes	2	PF02875.27;PF08245.19
sync_0633	yes	1	PF01699.30
sync_0634	yes	3	PF01094.35;PF13433.13;PF13458.13
sync_0635	no	0	
sync_0636	yes	1	PF00266.26
sync_0637	no	0	
sync_0639	no	0	
sync_0641	no	0	
sync_0642	yes	1	PF13301.12
sync_0643	yes	2	PF07859.20;PF20434.6
sync_0644	no	0	
sync_0646	no	0	
sync_0647	yes	1	PF01106.23
sync_0648	yes	2	PF01266.31;PF06039.22
sync_0649	yes	2	PF00465.26;PF13685.13
sync_0650	no	0	
sync_0651	yes	1	PF00893.26
sync_0652	yes	4	PF00009.34;PF00679.31;PF03144.32;PF06421.18
sync_0653	no	0	
sync_0654	no	0	
sync_0655	no	0	
sync_0656	no	0	
sync_0657	no	0	
sync_0659	no	0	
sync_0662	no	0	
sync_0663	no	0	
sync_0664	no	0	
sync_0665	no	0	
sync_0666	no	0	
sync_0667	no	0	
sync_0668	yes	2	PF00512.32;PF02518.32
sync_0669	yes	2	PF00072.31;PF00486.35
sync_0670	no	0	
sync_0671	no	0	
sync_0672	no	0	
sync_0673	no	0	
sync_0674	no	0	
sync_0675	yes	2	PF00512.32;PF02518.32
sync_0676	yes	1	PF00528.28
sync_0677	no	0	
sync_0678	yes	2	PF00395.26;PF04966.19
sync_0679	yes	1	PF05154.22
sync_0680	yes	1	PF00210.31
sync_0681	yes	4	PF01926.30;PF02421.25;PF07664.18;PF07670.20
sync_0682	yes	1	PF04023.21
sync_0683	no	0	
sync_0684	no	0	
sync_0685	no	0	
sync_0686	yes	2	PF01545.27;PF16916.12
sync_0689	yes	2	PF00578.28;PF08534.17
sync_0690	yes	2	PF00588.25;PF12105.14
sync_0691	no	0	
sync_0692	no	0	
sync_0693	yes	1	PF01035.27
sync_0694	yes	3	PF01029.24;PF01189.24;PF22458.2
sync_0695	yes	2	PF00905.28;PF00912.29
sync_0696	yes	1	PF01040.24
sync_0697	yes	1	PF11061.15
sync_0698	yes	1	PF00977.28
sync_0699	no	0	
sync_0700	yes	6	PF01209.25;PF08241.19;PF08242.19;PF13489.13;PF13649.13;PF13847.13
sync_0701	no	0	
sync_0702	no	0	
sync_0705	no	0	
sync_0706	yes	2	PF00512.32;PF02518.32
sync_0707	yes	2	PF00072.31;PF00486.35
sync_0708	yes	1	PF11302.16
sync_0709	yes	1	PF00353.26
sync_0710	no	0	
sync_0711	yes	1	PF20191.4
sync_0712	no	0	
sync_0714	no	0	
sync_0716	yes	1	PF05019.19
sync_0717	yes	1	PF02091.21
sync_0718	yes	2	PF03772.22;PF13567.12
sync_0720	no	0	
sync_0721	no	0	
sync_0722	no	0	
sync_0723	yes	1	PF02397.23
sync_0724	yes	1	PF03186.19
sync_0725	yes	2	PF01450.26;PF07991.19
sync_0726	yes	1	PF00574.29
sync_0727	yes	1	PF00574.29
sync_0728	yes	1	PF27675.1
sync_0729	yes	1	PF04055.28
sync_0730	yes	1	PF02548.22
sync_0731	yes	2	PF00091.32;PF12327.14
sync_0732	yes	1	PF08478.16
sync_0733	no	0	
sync_0734	yes	3	PF01820.28;PF02222.28;PF07478.19
sync_0735	yes	2	PF00919.27;PF04055.28
sync_0736	yes	1	PF13378.13
sync_0737	yes	2	PF07755.18;PF17396.9
sync_0739	yes	1	PF14271.12
sync_0740	yes	1	PF07969.18
sync_0741	yes	1	PF01565.29
sync_0742	yes	1	PF00805.29
sync_0743	yes	1	PF27239.1
sync_0744	yes	1	PF00202.28
sync_0746	yes	1	PF00275.26
sync_0748	no	0	
sync_0749	yes	1	PF00588.25
sync_0750	yes	4	PF00070.34;PF01134.29;PF02852.29;PF07992.21
sync_0751	yes	1	PF00218.28
sync_0753	no	0	
sync_0754	no	0	
sync_0755	yes	1	PF09055.17
sync_0756	yes	1	PF00254.35
sync_0757	no	0	
sync_0758	no	0	
sync_0759	yes	3	PF03054.23;PF20258.5;PF20259.4
sync_0760	yes	2	PF01256.23;PF03853.22
sync_0761	yes	4	PF00140.26;PF04539.23;PF04542.21;PF04545.23
sync_0762	no	0	
sync_0763	yes	1	PF00850.25
sync_0764	yes	1	PF00676.26
sync_0765	yes	3	PF13355.13;PF23468.2;PF25515.2
sync_0766	yes	3	PF00448.29;PF02881.25;PF02978.27
sync_0767	yes	1	PF00886.25
sync_0768	yes	1	PF02562.23
sync_0769	yes	1	PF01027.27
sync_0770	yes	2	PF00083.31;PF07690.22
sync_0771	yes	1	PF27721.1
sync_0772	yes	1	PF03306.19
sync_0773	yes	3	PF01926.30;PF02421.25;PF07650.24
sync_0774	no	0	
sync_0775	yes	1	PF01746.27
sync_0781	yes	1	PF02542.22
sync_0782	no	0	
sync_0783	yes	1	PF00731.27
sync_0784	no	0	
sync_0785	yes	1	PF07466.17
sync_0786	yes	1	PF02597.27
sync_0787	no	0	
sync_0788	no	0	
sync_0791	yes	2	PF02581.24;PF17792.7
sync_0793	yes	2	PF01687.24;PF06574.19
sync_0794	yes	1	PF12263.14
sync_0795	yes	1	PF01975.24
sync_0796	yes	2	PF01409.26;PF02912.24
sync_0797	no	0	
sync_0798	no	0	
sync_0799	no	0	
sync_0804	yes	2	PF03109.23;PF27536.1
sync_0805	yes	2	PF01593.31;PF13450.13
sync_0806	yes	2	PF01513.27;PF20143.5
sync_0807	yes	1	PF00486.35
sync_0808	yes	1	PF02643.21
sync_0809	no	0	
sync_0810	yes	1	PF00590.26
sync_0811	yes	1	PF12833.14
sync_0812	yes	1	PF13469.13
sync_0813	no	0	
sync_0814	no	0	
sync_0815	no	0	
sync_0816	yes	2	PF00083.31;PF07690.22
sync_0818	yes	2	PF04685.20;PF12215.15
sync_0819	no	0	
sync_0820	yes	1	PF11320.14
sync_0821	yes	2	PF00383.30;PF01872.23
sync_0822	yes	1	PF00248.28
sync_0823	yes	1	PF07885.23
sync_0825	yes	4	PF00004.36;PF01434.25;PF06480.21;PF17862.8
sync_0826	yes	2	PF00185.31;PF02729.27
sync_0827	yes	2	PF12146.16;PF12697.14
sync_0828	no	0	
sync_0829	no	0	
sync_0830	no	0	
sync_0831	yes	2	PF00717.29;PF01726.23
sync_0833	no	0	
sync_0834	yes	1	PF01048.27
sync_0835	no	0	
sync_0836	no	0	
sync_0837	no	0	
sync_0838	no	0	
sync_0841	yes	1	PF13924.13
sync_0843	no	0	
sync_0845	no	0	
sync_0846	no	0	
sync_0848	no	0	
sync_0849	no	0	
sync_0850	no	0	
sync_0853	yes	1	PF02069.23
sync_0855	yes	3	PF01738.25;PF12146.16;PF12740.15
sync_0856	yes	1	PF08450.19
sync_0858	no	0	
sync_0859	yes	3	PF07859.20;PF10340.16;PF20434.6
sync_0860	yes	2	PF00106.32;PF13561.13
sync_0861	yes	2	PF02746.22;PF13378.13
sync_0862	no	0	
sync_0863	no	0	
sync_0865	no	0	
sync_0866	no	0	
sync_0868	no	0	
sync_0869	no	0	
sync_0870	yes	1	PF07862.17
sync_0871	no	0	
sync_0872	yes	2	PF00044.31;PF02800.26
sync_0873	yes	1	PF03734.20
sync_0874	yes	1	PF01241.24
sync_0876	yes	1	PF09335.17
sync_0877	no	0	
sync_0878	yes	2	PF00083.31;PF07690.22
sync_0879	no	0	
sync_0880	no	0	
sync_0881	yes	1	PF01894.23
sync_0886	no	0	
sync_0887	yes	1	PF12833.14
sync_0888	no	0	
sync_0890	yes	1	PF13483.13
sync_0891	yes	1	PF00892.27
sync_0892	yes	1	PF00111.33
sync_0893	yes	3	PF01656.30;PF07685.21;PF13500.13
sync_0894	yes	1	PF28240.1
sync_0895	yes	1	PF02545.20
sync_0896	yes	1	PF00421.25
sync_0898	yes	1	PF02392.23
sync_0899	yes	1	PF00160.27
sync_0900	yes	4	PF01842.32;PF10369.16;PF13710.13;PF22629.3
sync_0901	yes	3	PF00561.27;PF12146.16;PF12697.14
sync_0902	yes	1	PF02005.23
sync_0903	yes	1	PF08041.17
sync_0904	yes	4	PF01073.26;PF01370.28;PF05368.20;PF13460.13
sync_0905	no	0	
sync_0906	yes	4	PF01209.25;PF08241.19;PF13649.13;PF13847.13
sync_0907	yes	1	PF00849.28
sync_0908	yes	1	PF07862.17
sync_0909	yes	1	PF01176.26
sync_0910	yes	4	PF00070.34;PF00085.27;PF07992.21;PF13738.13
sync_0911	no	0	
sync_0912	yes	1	PF04851.22
sync_0914	no	0	
sync_0915	yes	2	PF01262.28;PF05222.22
sync_0916	yes	1	PF12769.13
sync_0917	yes	1	PF02233.23
sync_0918	no	0	
sync_0919	no	0	
sync_0920	yes	3	PF02670.23;PF08436.18;PF13288.13
sync_0921	yes	1	PF00209.25
sync_0922	yes	1	PF11026.14
sync_0923	no	0	
sync_0924	yes	2	PF01406.26;PF09190.18
sync_0925	no	0	
sync_0927	yes	2	PF00083.31;PF07690.22
sync_0928	yes	4	PF00476.27;PF01367.26;PF01612.27;PF02739.23
sync_0929	yes	1	PF25954.1
sync_0930	yes	2	PF01926.30;PF06071.20
sync_0932	no	0	
sync_0934	no	0	
sync_0935	yes	1	PF05019.19
sync_0936	yes	1	PF07690.22
sync_0937	yes	1	PF07176.18
sync_0938	yes	1	PF00528.28
sync_0939	yes	1	PF00496.28
sync_0940	no	0	
sync_0941	yes	3	PF00742.25;PF01842.32;PF03447.23
sync_0942	yes	1	PF02657.21
sync_0943	no	0	
sync_0944	yes	1	PF01812.27
sync_0948	yes	1	PF00484.25
sync_0949	no	0	
sync_0950	yes	1	PF14250.12
sync_0954	no	0	
sync_0956	yes	1	PF02696.20
sync_0957	no	0	
sync_0958	no	0	
sync_0960	no	0	
sync_0961	yes	1	PF02075.24
sync_0962	yes	1	PF17863.8
sync_0963	yes	1	PF11850.14
sync_0964	yes	1	PF13354.13
sync_0965	yes	1	PF00588.25
sync_0966	no	0	
sync_0967	yes	1	PF02529.21
sync_0969	yes	1	PF00117.35
sync_0970	yes	1	PF00085.27
sync_0971	yes	1	PF00478.32
sync_0972	yes	1	PF14159.12
sync_0973	yes	2	PF00521.27;PF03989.19
sync_0974	yes	1	PF05834.19
sync_0975	yes	2	PF03065.21;PF09210.17
sync_0976	yes	3	PF00682.26;PF08502.16;PF22617.2
sync_0977	yes	1	PF00528.28
sync_0978	no	0	
sync_0979	yes	1	PF07862.17
sync_0980	yes	1	PF00111.33
sync_0981	no	0	
sync_0982	no	0	
sync_0983	no	0	
sync_0984	yes	1	PF01910.23
sync_0985	no	0	
sync_0986	no	0	
sync_0987	no	0	
sync_0988	yes	1	PF00849.28
sync_0989	yes	3	PF01966.29;PF07697.17;PF07698.18
sync_0990	yes	2	PF00763.29;PF02882.26
sync_0991	yes	1	PF00348.23
sync_0992	yes	1	PF02681.21
sync_0993	yes	3	PF13245.13;PF13538.13;PF13604.13
sync_0994	no	0	
sync_0995	no	0	
sync_0996	no	0	
sync_0997	yes	1	PF11139.15
sync_0998	yes	1	PF00300.28
sync_0999	yes	1	PF00708.25
sync_1000	yes	2	PF01656.30;PF07685.21
sync_1001	yes	2	PF10128.16;PF20171.4
sync_1002	yes	2	PF00479.29;PF02781.22
sync_1003	yes	1	PF00175.27
sync_1004	yes	2	PF03364.26;PF10604.16
sync_1006	yes	2	PF02518.32;PF07689.19
sync_1007	no	0	
sync_1008	no	0	
sync_1009	yes	4	PF01433.27;PF11940.15;PF17432.9;PF17900.7
sync_1010	yes	1	PF02638.22
sync_1011	yes	3	PF00156.34;PF13793.13;PF14572.13
sync_1012	no	0	
sync_1013	yes	1	PF03816.20
sync_1014	yes	3	PF01370.28;PF05368.20;PF13460.13
sync_1015	yes	1	PF02446.24
sync_1016	yes	1	PF13413.13
sync_1017	yes	2	PF00849.28;PF01479.31
sync_1018	yes	4	PF00140.26;PF04539.23;PF04542.21;PF04545.23
sync_1019	no	0	
sync_1020	yes	1	PF03109.23
sync_1022	yes	2	PF01276.27;PF03711.21
sync_1023	yes	1	PF01148.26
sync_1024	yes	1	PF11209.14
sync_1025	yes	3	PF00561.27;PF12146.16;PF12697.14
sync_1026	yes	1	PF00465.26
sync_1027	yes	6	PF00004.36;PF02861.26;PF07724.21;PF07728.21;PF10431.16;PF17871.8
sync_1028	yes	4	PF00583.32;PF08445.17;PF13508.14;PF13673.14
sync_1029	yes	2	PF00278.29;PF02784.23
sync_1030	yes	1	PF02457.22
sync_1031	yes	1	PF01255.25
sync_1032	yes	2	PF04055.28;PF06968.19
sync_1033	no	0	
sync_1034	yes	2	PF00581.26;PF17773.8
sync_1035	yes	3	PF06108.19;PF13409.13;PF13417.13
sync_1036	no	0	
sync_1037	yes	1	PF04055.28
sync_1038	yes	3	PF13662.13;PF21175.3;PF21176.4
sync_1039	yes	1	PF01789.23
sync_1040	no	0	
sync_1041	yes	1	PF02321.24
sync_1042	yes	1	PF13515.13
sync_1043	yes	1	PF13515.13
sync_1044	yes	1	PF03816.20
sync_1045	yes	2	PF00582.33;PF00999.27
sync_1046	yes	2	PF00005.34;PF00664.29
sync_1047	no	0	
sync_1048	yes	1	PF00076.29
sync_1050	no	0	
sync_1051	yes	3	PF00270.36;PF00271.38;PF03880.22
sync_1052	yes	1	PF01050.25
sync_1053	yes	3	PF13245.13;PF13538.13;PF13604.13
sync_1054	yes	1	PF00580.28
sync_1055	yes	3	PF04257.21;PF17946.8;PF27451.1
sync_1056	yes	2	PF00149.34;PF12850.13
sync_1057	no	0	
sync_1058	yes	1	PF03992.23
sync_1059	yes	1	PF01758.22
sync_1060	no	0	
sync_1064	no	0	
sync_1066	no	0	
sync_1069	no	0	
sync_1070	yes	2	PF01965.31;PF17124.12
sync_1073	no	0	
sync_1074	no	0	
sync_1077	yes	1	PF00210.31
sync_1078	yes	1	PF00857.27
sync_1079	yes	2	PF00072.31;PF02518.32
sync_1080	yes	1	PF12594.14
sync_1081	yes	1	PF02069.23
sync_1082	no	0	
sync_1086	no	0	
sync_1087	no	0	
sync_1088	no	0	
sync_1089	yes	6	PF01209.25;PF08241.19;PF08242.19;PF13489.13;PF13649.13;PF13847.13
sync_1091	no	0	
sync_1092	yes	1	PF01494.26
sync_1095	no	0	
sync_1096	yes	1	PF00565.24
sync_1097	no	0	
sync_1098	no	0	
sync_1099	no	0	
sync_1102	yes	1	PF07681.18
sync_1105	no	0	
sync_1106	no	0	
sync_1108	no	0	
sync_1110	yes	1	PF01656.30
sync_1112	no	0	
sync_1114	yes	1	PF07883.18
sync_1115	yes	1	PF07883.18
sync_1116	yes	1	PF00196.26
sync_1118	no	0	
sync_1120	no	0	
sync_1122	no	0	
sync_1123	no	0	
sync_1124	yes	2	PF00089.33;PF13365.13
sync_1125	yes	1	PF02275.24
sync_1126	yes	1	PF06779.21
sync_1129	yes	1	PF00353.26
sync_1132	no	0	
sync_1133	yes	2	PF00512.32;PF02518.32
sync_1134	yes	1	PF00072.31
sync_1136	no	0	
sync_1137	yes	1	PF06298.17
sync_1138	yes	1	PF01134.29
sync_1139	yes	1	PF01545.27
sync_1140	yes	2	PF01593.31;PF13450.13
sync_1142	no	0	
sync_1143	no	0	
sync_1145	yes	2	PF00072.31;PF00486.35
sync_1146	yes	1	PF20547.4
sync_1147	yes	1	PF00462.31
sync_1148	yes	1	PF01722.24
sync_1149	no	0	
sync_1150	yes	1	PF01553.27
sync_1151	yes	1	PF03740.20
sync_1152	yes	1	PF10674.15
sync_1154	no	0	
sync_1156	no	0	
sync_1158	no	0	
sync_1159	yes	1	PF05014.22
sync_1160	no	0	
sync_1161	yes	2	PF02798.27;PF13409.13
sync_1162	yes	1	PF00106.32
sync_1163	no	0	
sync_1164	no	0	
sync_1165	no	0	
sync_1166	no	0	
sync_1167	yes	1	PF01475.26
sync_1168	yes	1	PF12518.14
sync_1169	yes	1	PF04472.18
sync_1170	yes	2	PF04055.28;PF12345.14
sync_1171	yes	1	PF09506.17
sync_1172	yes	2	PF02798.27;PF13409.13
sync_1173	no	0	
sync_1174	yes	2	PF02463.26;PF13476.13
sync_1175	yes	1	PF00149.34
sync_1176	yes	1	PF01636.30
sync_1177	no	0	
sync_1178	no	0	
sync_1179	no	0	
sync_1180	yes	1	PF01053.27
sync_1181	yes	1	PF04204.23
sync_1182	yes	1	PF05265.21
sync_1183	yes	1	PF13532.13
sync_1184	no	0	
sync_1185	no	0	
sync_1186	yes	1	PF00005.34
sync_1187	yes	1	PF00528.28
sync_1188	no	0	
sync_1189	yes	1	PF00528.28
sync_1190	yes	1	PF00497.26
sync_1191	yes	1	PF00916.27
sync_1192	no	0	
sync_1193	no	0	
sync_1194	no	0	
sync_1195	yes	1	PF01903.23
sync_1197	yes	1	PF10929.14
sync_1198	yes	1	PF05199.20
sync_1200	yes	1	PF06089.18
sync_1201	yes	1	PF06799.17
sync_1202	yes	1	PF02410.22
sync_1203	yes	1	PF11780.14
sync_1204	yes	4	PF02142.28;PF02786.23;PF02787.26;PF25596.2
sync_1205	yes	1	PF11866.14
sync_1206	yes	1	PF01235.24
sync_1207	yes	1	PF20045.5
sync_1208	yes	2	PF00005.34;PF00664.29
sync_1209	yes	1	PF13275.12
sync_1210	yes	1	PF00121.25
sync_1211	yes	1	PF00809.29
sync_1212	yes	1	PF04134.18
sync_1213	no	0	
sync_1214	yes	1	PF00664.29
sync_1215	yes	1	PF00005.34
sync_1216	yes	1	PF26002.1
sync_1217	yes	1	PF19116.7
sync_1218	no	0	
sync_1219	yes	1	PF00486.35
sync_1220	yes	2	PF02514.22;PF11965.14
sync_1221	yes	2	PF01113.27;PF05173.20
sync_1222	no	0	
sync_1223	no	0	
sync_1224	yes	1	PF01494.26
sync_1225	yes	1	PF11165.14
sync_1226	yes	1	PF00156.34
sync_1227	yes	1	PF11237.14
sync_1228	yes	1	PF14233.12
sync_1229	no	0	
sync_1230	no	0	
sync_1231	no	0	
sync_1232	yes	2	PF00072.31;PF00486.35
sync_1233	yes	1	PF02518.32
sync_1234	yes	1	PF03976.21
sync_1237	no	0	
sync_1238	no	0	
sync_1241	no	0	
sync_1242	no	0	
sync_1243	no	0	
sync_1244	yes	2	PF00106.32;PF13561.13
sync_1245	no	0	
sync_1246	no	0	
sync_1248	no	0	
sync_1249	yes	1	PF00427.27
sync_1251	no	0	
sync_1252	yes	1	PF00565.24
sync_1253	yes	3	PF00120.30;PF12437.14;PF18318.7
sync_1254	yes	1	PF06080.19
sync_1257	no	0	
sync_1258	yes	1	PF00565.24
sync_1259	no	0	
sync_1260	no	0	
sync_1263	yes	1	PF04542.21
sync_1265	yes	1	PF21995.2
sync_1267	no	0	
sync_1268	yes	5	PF08241.19;PF08242.19;PF13489.13;PF13649.13;PF13847.13
sync_1269	yes	3	PF00009.34;PF16658.12;PF22042.3
sync_1270	no	0	
sync_1271	yes	1	PF11833.14
sync_1272	yes	1	PF01430.25
sync_1273	yes	1	PF00005.34
sync_1274	yes	1	PF12049.14
sync_1275	yes	1	PF00318.26
sync_1276	yes	1	PF00889.26
sync_1277	no	0	
sync_1278	yes	5	PF00270.36;PF00271.38;PF04851.22;PF17191.11;PF19833.5
sync_1279	yes	1	PF01427.23
sync_1280	yes	2	PF01077.28;PF03460.23
sync_1281	yes	1	PF02092.23
sync_1282	yes	1	PF01494.26
sync_1283	yes	1	PF02557.23
sync_1284	yes	2	PF01136.26;PF12392.14
sync_1285	yes	4	PF00009.34;PF00679.31;PF03144.32;PF21018.3
sync_1286	yes	1	PF03745.20
sync_1287	no	0	
sync_1288	yes	1	PF00005.34
sync_1289	yes	1	PF03739.20
sync_1290	yes	1	PF01578.26
sync_1291	yes	1	PF11302.16
sync_1293	yes	2	PF00012.27;PF06723.20
sync_1294	no	0	
sync_1295	yes	1	PF03741.23
sync_1296	yes	1	PF20065.5
sync_1297	no	0	
sync_1299	no	0	
sync_1300	yes	2	PF00270.36;PF00271.38
sync_1301	yes	2	PF00551.25;PF02911.24
sync_1302	yes	2	PF19289.5;PF19290.5
sync_1303	yes	2	PF01523.22;PF19289.5
sync_1304	yes	1	PF02915.24
sync_1307	no	0	
sync_1308	yes	1	PF02441.25
sync_1309	yes	3	PF00575.30;PF00773.26;PF08206.18
sync_1310	yes	1	PF01169.25
sync_1311	yes	1	PF01169.25
sync_1312	yes	1	PF03692.21
sync_1314	yes	1	PF00654.26
sync_1315	yes	3	PF01368.28;PF02272.25;PF17768.8
sync_1316	yes	2	PF00702.33;PF13419.13
sync_1317	no	0	
sync_1318	no	0	
sync_1319	yes	1	PF01783.30
sync_1320	yes	3	PF00004.36;PF01434.25;PF17862.8
sync_1321	yes	1	PF03699.19
sync_1322	yes	3	PF00578.28;PF08534.17;PF10417.15
sync_1323	no	0	
sync_1325	yes	1	PF01551.30
sync_1326	yes	1	PF00588.25
sync_1327	yes	1	PF02283.23
sync_1328	yes	1	PF03040.20
sync_1329	yes	1	PF04536.21
sync_1330	no	0	
sync_1331	yes	1	PF11152.15
sync_1332	no	0	
sync_1333	yes	3	PF00133.29;PF09334.18;PF19303.6
sync_1334	yes	1	PF06967.17
sync_1335	yes	1	PF12831.14
sync_1336	yes	1	PF00773.26
sync_1337	yes	1	PF01084.27
sync_1338	yes	1	PF00471.27
sync_1339	yes	5	PF01588.27;PF03147.20;PF03483.23;PF03484.22;PF17759.7
sync_1340	yes	2	PF05958.18;PF13847.13
sync_1341	yes	1	PF00502.26
sync_1342	no	0	
sync_1343	yes	1	PF11850.14
sync_1344	no	0	
sync_1345	yes	1	PF04542.21
sync_1346	yes	2	PF09830.15;PF19327.5
sync_1347	yes	1	PF08486.16
sync_1349	yes	2	PF00106.32;PF13561.13
sync_1350	yes	1	PF09996.15
sync_1351	no	0	
sync_1352	yes	1	PF13319.12
sync_1353	yes	5	PF00809.29;PF02310.25;PF02574.23;PF02607.23;PF02965.23
sync_1354	yes	1	PF01063.25
sync_1355	yes	1	PF02514.22
sync_1356	no	0	
sync_1357	no	0	
sync_1358	yes	1	PF03653.19
sync_1359	yes	1	PF04244.20
sync_1360	no	0	
sync_1361	yes	4	PF08459.18;PF14520.13;PF22920.3;PF27096.1
sync_1362	yes	1	PF01467.33
sync_1363	no	0	
sync_1364	yes	1	PF02113.21
sync_1365	yes	1	PF14221.12
sync_1366	yes	1	PF09353.16
sync_1367	yes	1	PF00266.26
sync_1368	yes	1	PF01678.25
sync_1371	yes	1	PF07864.17
sync_1372	yes	1	PF00589.28
sync_1374	yes	1	PF21979.3
sync_1375	yes	4	PF00133.29;PF08264.20;PF09334.18;PF13603.13
sync_1376	yes	1	PF00342.25
sync_1377	no	0	
sync_1378	yes	1	PF01510.31
sync_1379	yes	2	PF05299.19;PF17899.7
sync_1380	no	0	
sync_1381	yes	1	PF00551.25
sync_1382	yes	3	PF01118.31;PF02774.24;PF22698.2
sync_1383	yes	2	PF00925.26;PF00926.25
sync_1384	yes	1	PF00160.27
sync_1385	yes	1	PF01048.27
sync_1386	yes	1	PF22645.2
sync_1387	yes	1	PF11360.14
sync_1388	yes	2	PF00226.37;PF01556.24
sync_1389	yes	2	PF00012.27;PF06723.20
sync_1390	yes	1	PF00528.28
sync_1391	yes	1	PF00528.28
sync_1392	yes	1	PF00005.34
sync_1394	yes	1	PF00111.33
sync_1395	yes	1	PF00459.31
sync_1396	yes	1	PF13393.12
sync_1397	yes	1	PF12838.13
sync_1398	yes	2	PF00183.24;PF13589.13
sync_1399	yes	1	PF00830.25
sync_1400	yes	2	PF00578.28;PF08534.17
sync_1401	yes	1	PF00982.28
sync_1402	yes	2	PF01547.31;PF13416.12
sync_1403	yes	1	PF00528.28
sync_1404	yes	1	PF00528.28
sync_1405	yes	1	PF00005.34
sync_1406	yes	1	PF04230.20
sync_1407	yes	1	PF10693.15
sync_1408	yes	1	PF12159.14
sync_1409	yes	1	PF01241.24
sync_1410	yes	3	PF02779.30;PF02780.26;PF13292.12
sync_1411	yes	2	PF00291.32;PF00585.25
sync_1412	yes	1	PF04079.23
sync_1413	yes	1	PF02325.24
sync_1414	yes	1	PF03819.23
sync_1415	yes	3	PF00224.28;PF00391.30;PF02887.22
sync_1416	yes	2	PF02687.28;PF12704.15
sync_1417	yes	4	PF00004.36;PF01434.25;PF06480.21;PF17862.8
sync_1418	yes	1	PF00574.29
sync_1419	yes	1	PF11264.14
sync_1420	no	0	
sync_1421	no	0	
sync_1422	yes	1	PF03742.20
sync_1423	yes	1	PF02617.23
sync_1424	yes	2	PF03209.22;PF07690.22
sync_1425	no	0	
sync_1426	yes	1	PF09876.15
sync_1428	yes	3	PF02222.28;PF17769.8;PF22660.3
sync_1429	yes	1	PF00528.28
sync_1430	yes	2	PF01761.27;PF24621.3
sync_1431	yes	1	PF02636.24
sync_1432	no	0	
sync_1433	no	0	
sync_1434	no	0	
sync_1435	yes	1	PF00149.34
sync_1436	yes	1	PF02445.22
sync_1437	no	0	
sync_1438	yes	2	PF01068.27;PF04675.20
sync_1439	yes	4	PF00270.36;PF00271.38;PF08494.17;PF19306.6
sync_1440	yes	1	PF04248.20
sync_1441	yes	1	PF04755.19
sync_1443	yes	1	PF01757.29
sync_1445	yes	1	PF03492.22
sync_1446	no	0	
sync_1447	no	0	
sync_1448	yes	1	PF01145.32
sync_1449	yes	1	PF01145.32
sync_1450	no	0	
sync_1451	yes	1	PF12204.15
sync_1452	yes	1	PF00226.37
sync_1453	yes	1	PF04452.20
sync_1454	no	0	
sync_1455	yes	2	PF00106.32;PF13561.13
sync_1456	yes	1	PF01370.28
sync_1457	yes	1	PF00067.28
sync_1458	yes	4	PF08241.19;PF08242.19;PF13649.13;PF13847.13
sync_1459	yes	2	PF01494.26;PF07992.21
sync_1460	yes	3	PF00195.26;PF02797.22;PF08392.19
sync_1461	yes	1	PF04214.19
sync_1462	yes	1	PF00756.27
sync_1463	yes	2	PF00107.33;PF08240.18
sync_1464	yes	1	PF11196.14
sync_1465	yes	4	PF00535.33;PF13506.14;PF13632.13;PF13641.13
sync_1466	no	0	
sync_1467	yes	1	PF12891.14
sync_1468	no	0	
sync_1469	no	0	
sync_1470	no	0	
sync_1471	yes	2	PF00501.35;PF13193.13
sync_1472	no	0	
sync_1473	no	0	
sync_1474	yes	1	PF11302.16
sync_1478	yes	1	PF12594.14
sync_1480	no	0	
sync_1482	yes	1	PF00924.25
sync_1483	yes	1	PF00005.34
sync_1484	yes	1	PF14159.12
sync_1485	no	0	
sync_1489	yes	2	PF07731.21;PF07732.22
sync_1490	yes	1	PF01965.31
sync_1491	yes	3	PF00205.29;PF02775.27;PF02776.24
sync_1493	yes	1	PF10099.15
sync_1494	yes	3	PF04542.21;PF04545.23;PF08281.19
sync_1495	yes	1	PF02683.23
sync_1496	no	0	
sync_1497	yes	1	PF00950.23
sync_1498	yes	1	PF00005.34
sync_1499	yes	1	PF01297.23
sync_1500	yes	2	PF00395.26;PF04966.19
sync_1501	yes	2	PF00395.26;PF04966.19
sync_1502	yes	1	PF09375.16
sync_1503	yes	1	PF06537.17
sync_1504	yes	1	PF00561.27
sync_1505	no	0	
sync_1506	yes	3	PF08332.17;PF13474.13;PF14534.13
sync_1508	yes	2	PF02492.26;PF07683.20
sync_1509	yes	1	PF25975.1
sync_1510	yes	1	PF00873.26
sync_1511	no	0	
sync_1512	yes	2	PF00563.26;PF00990.27
sync_1513	no	0	
sync_1514	yes	1	PF00990.27
sync_1515	yes	1	PF13193.13
sync_1516	yes	2	PF02129.25;PF08530.17
sync_1518	no	0	
sync_1519	no	0	
sync_1522	yes	2	PF00384.28;PF01568.28
sync_1523	yes	1	PF14234.12
sync_1524	yes	1	PF05542.17
sync_1525	yes	1	PF10502.15
sync_1526	yes	2	PF02776.24;PF16582.12
sync_1527	yes	2	PF00378.26;PF16113.11
sync_1528	yes	1	PF03734.20
sync_1529	yes	5	PF00534.27;PF08323.18;PF13439.13;PF13579.13;PF13692.13
sync_1530	no	0	
sync_1531	yes	2	PF02875.27;PF08245.19
sync_1532	no	0	
sync_1533	yes	3	PF00132.31;PF00483.30;PF12804.14
sync_1534	no	0	
sync_1535	no	0	
sync_1536	yes	1	PF05430.18
sync_1537	yes	1	PF00275.26
sync_1538	yes	1	PF13545.13
sync_1539	yes	1	PF00210.31
sync_1540	no	0	
sync_1542	yes	2	PF00395.26;PF04966.19
sync_1543	no	0	
sync_1544	yes	1	PF13640.13
sync_1545	yes	4	PF01547.31;PF13343.12;PF13416.12;PF13531.12
sync_1546	yes	3	PF01977.23;PF20695.3;PF20696.3
sync_1547	yes	1	PF04029.20
sync_1548	yes	1	PF00795.28
sync_1549	yes	1	PF01520.24
sync_1550	yes	1	PF01177.28
sync_1551	yes	1	PF00348.23
sync_1552	yes	2	PF00702.33;PF13419.13
sync_1553	yes	3	PF00501.35;PF13193.13;PF16177.12
sync_1554	no	0	
sync_1555	yes	1	PF07082.18
sync_1556	yes	2	PF00578.28;PF08534.17
sync_1557	yes	1	PF00929.32
sync_1558	no	0	
sync_1559	yes	1	PF11347.15
sync_1560	yes	1	PF02632.20
sync_1561	yes	1	PF01252.24
sync_1562	yes	4	PF00498.32;PF00905.28;PF00912.29;PF16697.11
sync_1563	yes	2	PF01926.30;PF05128.18
sync_1564	yes	1	PF00282.26
sync_1565	yes	2	PF00383.30;PF14437.13
sync_1566	yes	1	PF00266.26
sync_1567	yes	1	PF00502.26
sync_1569	yes	2	PF00120.30;PF03951.25
sync_1570	yes	1	PF00491.27
sync_1571	yes	2	PF03253.20;PF13499.13
sync_1572	no	0	
sync_1573	no	0	
sync_1574	yes	1	PF07862.17
sync_1575	no	0	
sync_1576	yes	5	PF01209.25;PF08241.19;PF08242.19;PF13649.13;PF13847.13
sync_1577	no	0	
sync_1578	no	0	
sync_1579	yes	1	PF20035.5
sync_1580	yes	1	PF13581.13
sync_1581	yes	1	PF05419.18
sync_1582	yes	2	PF00581.26;PF26341.1
sync_1583	yes	1	PF03912.20
sync_1584	yes	1	PF01594.23
sync_1585	yes	1	PF01594.23
sync_1586	yes	1	PF01613.25
sync_1587	no	0	
sync_1588	yes	1	PF02355.23
sync_1589	yes	4	PF02355.23;PF03176.22;PF21760.4;PF22599.3
sync_1590	yes	2	PF02779.30;PF02780.26
sync_1592	yes	1	PF11282.14
sync_1593	yes	1	PF00288.33
sync_1594	yes	1	PF00398.27
sync_1595	yes	1	PF00485.25
sync_1596	yes	1	PF02021.24
sync_1597	yes	1	PF13521.13
sync_1598	yes	1	PF00805.29
sync_1599	no	0	
sync_1600	yes	1	PF02590.23
sync_1601	yes	1	PF00657.29
sync_1602	no	0	
sync_1604	yes	2	PF01590.33;PF13185.13
sync_1606	yes	1	PF00717.29
sync_1607	yes	3	PF00817.26;PF11799.14;PF13438.12
sync_1608	yes	1	PF01494.26
sync_1609	yes	1	PF03547.24
sync_1610	no	0	
sync_1611	no	0	
sync_1613	yes	6	PF01751.29;PF01807.26;PF08275.18;PF10410.15;PF13155.13;PF13662.13
sync_1614	yes	1	PF00892.27
sync_1615	no	0	
sync_1619	no	0	
sync_1622	no	0	
sync_1627	yes	2	PF01330.28;PF14520.13
sync_1628	yes	1	PF00312.28
sync_1629	yes	1	PF11947.14
sync_1630	yes	5	PF01336.32;PF02811.27;PF07733.19;PF14579.13;PF17657.7
sync_1631	yes	1	PF01425.27
sync_1632	yes	1	PF08846.16
sync_1633	yes	2	PF00588.25;PF08032.18
sync_1634	yes	1	PF00636.32
sync_1635	yes	2	PF01740.27;PF13466.13
sync_1636	yes	2	PF00117.35;PF00988.29
sync_1637	yes	2	PF00591.28;PF02885.23
sync_1638	yes	2	PF00005.34;PF00664.29
sync_1639	no	0	
sync_1640	yes	1	PF01625.29
sync_1641	no	0	
sync_1642	no	0	
sync_1644	no	0	
sync_1646	no	0	
sync_1649	no	0	
sync_1650	yes	1	PF05193.27
sync_1651	yes	2	PF00675.26;PF05193.27
sync_1653	no	0	
sync_1654	no	0	
sync_1656	yes	1	PF05996.18
sync_1657	no	0	
sync_1658	yes	1	PF02687.28
sync_1659	yes	1	PF00005.34
sync_1660	no	0	
sync_1661	yes	3	PF00535.33;PF10111.15;PF13641.13
sync_1662	yes	2	PF04452.20;PF20260.5
sync_1663	no	0	
sync_1664	yes	1	PF01940.22
sync_1665	yes	1	PF04542.21
sync_1667	yes	2	PF00657.29;PF13472.13
sync_1668	no	0	
sync_1669	yes	1	PF00005.34
sync_1670	yes	1	PF12974.13
sync_1671	yes	1	PF00155.28
sync_1672	no	0	
sync_1673	yes	1	PF03167.26
sync_1674	yes	2	PF04551.20;PF26540.1
sync_1675	yes	4	PF00595.30;PF03572.24;PF13180.13;PF17820.8
sync_1676	no	0	
sync_1677	no	0	
sync_1678	no	0	
sync_1679	yes	5	PF00270.36;PF00271.38;PF02559.23;PF03461.21;PF17757.7
sync_1680	no	0	
sync_1681	yes	1	PF03350.22
sync_1682	no	0	
sync_1683	yes	1	PF00834.26
sync_1684	yes	1	PF00834.26
sync_1685	yes	1	PF03320.19
sync_1686	yes	3	PF00745.26;PF01488.27;PF05201.21
sync_1687	yes	2	PF00483.30;PF25247.2
sync_1688	yes	2	PF00393.25;PF03446.22
sync_1689	yes	1	PF01182.27
sync_1690	yes	1	PF08547.19
sync_1691	no	0	
sync_1692	yes	2	PF00920.28;PF24877.2
sync_1693	no	0	
sync_1694	yes	1	PF14681.13
sync_1695	no	0	
sync_1696	yes	2	PF02492.26;PF07683.20
sync_1697	no	0	
sync_1698	no	0	
sync_1699	no	0	
sync_1700	yes	1	PF02700.20
sync_1701	yes	1	PF13507.13
sync_1702	yes	2	PF02016.22;PF17676.8
sync_1703	yes	1	PF01116.27
sync_1704	yes	1	PF00274.26
sync_1705	yes	3	PF01408.29;PF02894.23;PF22725.2
sync_1706	no	0	
sync_1707	yes	2	PF01039.28;PF17848.8
sync_1709	yes	2	PF01478.24;PF06750.19
sync_1710	no	0	
sync_1711	yes	1	PF00485.25
sync_1712	yes	1	PF00180.26
sync_1713	yes	2	PF00132.31;PF04613.20
sync_1714	yes	2	PF00696.34;PF01472.27
sync_1715	yes	3	PF00702.33;PF09419.17;PF13242.13
sync_1716	yes	1	PF12527.14
sync_1717	yes	1	PF03652.21
sync_1718	no	0	
sync_1719	no	0	
sync_1720	no	0	
sync_1721	yes	1	PF12452.14
sync_1722	yes	1	PF01475.26
sync_1723	yes	1	PF00977.28
sync_1724	yes	2	PF01370.28;PF13460.13
sync_1725	yes	1	PF01066.27
sync_1726	yes	1	PF00571.34
sync_1727	no	0	
sync_1728	yes	1	PF03734.20
sync_1729	no	0	
sync_1731	no	0	
sync_1732	no	0	
sync_1734	yes	3	PF00060.33;PF00497.26;PF07885.23
sync_1735	yes	1	PF07878.18
sync_1736	yes	2	PF00462.31;PF03479.21
sync_1738	no	0	
sync_1739	no	0	
sync_1741	no	0	
sync_1742	yes	2	PF00034.27;PF13442.12
sync_1743	no	0	
sync_1745	yes	1	PF13239.12
sync_1746	no	0	
sync_1747	yes	1	PF01297.23
sync_1748	yes	1	PF00950.23
sync_1749	yes	1	PF00005.34
sync_1750	no	0	
sync_1751	yes	1	PF21537.3
sync_1752	yes	1	PF03773.20
sync_1753	yes	1	PF13442.12
sync_1754	yes	1	PF04955.19
sync_1755	yes	1	PF12518.14
sync_1756	yes	1	PF00950.23
sync_1757	yes	1	PF00005.34
sync_1758	yes	1	PF01297.23
sync_1759	yes	1	PF10013.16
sync_1760	no	0	
sync_1762	no	0	
sync_1764	no	0	
sync_1766	no	0	
sync_1767	no	0	
sync_1768	yes	1	PF06041.18
sync_1770	yes	2	PF00535.33;PF13641.13
sync_1771	yes	1	PF00080.26
sync_1772	yes	1	PF12697.14
sync_1773	no	0	
sync_1774	yes	1	PF11189.14
sync_1775	yes	1	PF06966.18
sync_1776	yes	1	PF03733.19
sync_1779	no	0	
sync_1780	yes	1	PF14250.12
sync_1781	no	0	
sync_1785	no	0	
sync_1786	yes	1	PF04248.20
sync_1787	no	0	
sync_1789	no	0	
sync_1790	no	0	
sync_1792	yes	1	PF07862.17
sync_1793	no	0	
sync_1794	yes	1	PF27796.1
sync_1795	no	0	
sync_1797	no	0	
sync_1798	yes	1	PF01145.32
sync_1799	no	0	
sync_1800	no	0	
sync_1801	no	0	
sync_1802	no	0	
sync_1803	yes	2	PF02136.27;PF09150.16
sync_1804	yes	1	PF00487.31
sync_1805	yes	1	PF18032.7
sync_1806	no	0	
sync_1807	yes	1	PF01925.26
sync_1810	no	0	
sync_1811	yes	1	PF02586.20
sync_1812	no	0	
sync_1813	yes	2	PF00583.32;PF18014.8
sync_1815	no	0	
sync_1816	yes	1	PF07681.18
sync_1817	no	0	
sync_1818	no	0	
sync_1819	no	0	
sync_1820	yes	2	PF13409.13;PF13417.13
sync_1821	yes	1	PF08865.17
sync_1823	no	0	
sync_1824	yes	1	PF12766.14
sync_1825	yes	1	PF13911.13
sync_1826	no	0	
sync_1827	no	0	
sync_1829	yes	1	PF07864.17
sync_1830	yes	1	PF05899.19
sync_1831	yes	2	PF00355.33;PF08417.19
sync_1832	yes	1	PF07386.17
sync_1833	yes	1	PF13450.13
sync_1834	yes	1	PF25539.2
sync_1835	yes	1	PF00171.28
sync_1836	yes	1	PF13460.13
sync_1837	no	0	
sync_1839	no	0	
sync_1841	no	0	
sync_1842	yes	1	PF09493.16
sync_1843	no	0	
sync_1844	yes	3	PF01266.31;PF01593.31;PF13450.13
sync_1845	yes	1	PF04402.20
sync_1846	yes	1	PF01694.29
sync_1847	no	0	
sync_1848	no	0	
sync_1849	no	0	
sync_1850	yes	1	PF00730.32
sync_1851	no	0	
sync_1852	no	0	
sync_1853	no	0	
sync_1854	yes	1	PF00294.30
sync_1857	yes	1	PF00149.34
sync_1858	yes	1	PF00124.25
sync_1860	yes	1	PF05128.18
sync_1861	yes	2	PF01545.27;PF16916.12
sync_1862	no	0	
sync_1863	yes	1	PF00579.32
sync_1864	no	0	
sync_1865	yes	1	PF10792.15
sync_1866	yes	3	PF00587.31;PF03129.26;PF07973.20
sync_1867	yes	1	PF08854.16
sync_1868	yes	1	PF02685.23
sync_1869	yes	2	PF00288.33;PF08544.19
sync_1870	yes	1	PF00361.26
sync_1871	yes	2	PF01432.27;PF19310.5
sync_1872	no	0	
sync_1873	no	0	
sync_1874	no	0	
sync_1875	no	0	
sync_1877	yes	1	PF02152.24
sync_1878	yes	1	PF00171.28
sync_1879	yes	1	PF00480.27
sync_1880	yes	1	PF04357.20
sync_1881	yes	1	PF10726.15
sync_1882	yes	1	PF14229.13
sync_1883	no	0	
sync_1884	yes	2	PF02129.25;PF08530.17
sync_1885	no	0	
sync_1886	yes	4	PF00128.32;PF02806.25;PF02922.25;PF22019.3
sync_1887	yes	1	PF01208.24
sync_1888	yes	2	PF01370.28;PF13460.13
sync_1889	yes	1	PF00127.27
sync_1890	yes	1	PF13442.12
sync_1891	yes	1	PF07862.17
sync_1892	yes	1	PF10985.14
sync_1893	no	0	
sync_1895	no	0	
sync_1896	no	0	
sync_1897	yes	6	PF00004.36;PF02861.26;PF07724.21;PF07728.21;PF10431.16;PF17871.8
sync_1898	yes	1	PF01242.25
sync_1899	yes	2	PF01502.24;PF01503.23
sync_1900	no	0	
sync_1901	yes	1	PF09980.15
sync_1902	yes	2	PF04542.21;PF04545.23
sync_1903	yes	1	PF06803.18
sync_1904	no	0	
sync_1905	no	0	
sync_1906	yes	1	PF06146.18
sync_1908	yes	1	PF13442.12
sync_1909	yes	1	PF03795.21
sync_1910	yes	1	PF00290.27
sync_1911	yes	1	PF11460.14
sync_1912	yes	1	PF10716.15
sync_1914	no	0	
sync_1915	yes	1	PF05199.20
sync_1916	yes	1	PF07681.18
sync_1917	no	0	
sync_1918	yes	3	PF00106.32;PF08659.17;PF13561.13
sync_1920	yes	1	PF08450.19
sync_1921	no	0	
sync_1922	yes	1	PF01979.27
sync_1923	yes	2	PF00916.27;PF01740.27
sync_1924	yes	1	PF01699.30
sync_1925	yes	1	PF09990.15
sync_1926	yes	1	PF09990.15
sync_1927	no	0	
sync_1928	yes	1	PF00115.26
sync_1929	yes	1	PF00510.24
sync_1930	yes	1	PF05199.20
sync_1931	yes	3	PF00070.34;PF02852.29;PF07992.21
sync_1932	yes	1	PF08857.18
sync_1933	yes	3	PF00308.25;PF08299.18;PF11638.14
sync_1934	yes	3	PF00089.33;PF13180.13;PF13365.13
sync_1935	yes	1	PF09837.16
sync_1936	yes	1	PF00535.33
sync_1937	yes	3	PF00583.32;PF13508.14;PF13673.14
sync_1938	yes	1	PF12697.14
sync_1939	yes	2	PF00005.34;PF00664.29
sync_1940	yes	1	PF01634.24
sync_1941	yes	2	PF00753.34;PF16123.12
sync_1942	yes	1	PF00005.34
sync_1943	yes	1	PF01042.27
sync_1944	yes	1	PF11334.15
sync_1945	yes	2	PF00004.36;PF17866.9
sync_1946	yes	1	PF01329.25
sync_1948	no	0	
sync_1949	no	0	
sync_1950	yes	1	PF00258.31
sync_1951	yes	2	PF07992.21;PF13738.13
sync_1952	no	0	
sync_1953	yes	1	PF00111.33
sync_1957	yes	1	PF10216.15
sync_1958	yes	1	PF00361.26
sync_1959	yes	2	PF00361.26;PF00662.27
sync_1960	yes	1	PF00936.25
sync_1962	yes	1	PF03319.20
sync_1963	yes	1	PF03319.20
sync_1964	yes	3	PF08936.16;PF20686.3;PF20687.3
sync_1965	yes	1	PF12288.14
sync_1966	yes	1	PF00101.26
sync_1967	yes	2	PF00016.27;PF02788.22
sync_1968	yes	1	PF00936.25
sync_1969	yes	1	PF01725.22
sync_1970	yes	1	PF27545.1
sync_1971	no	0	
sync_1972	no	0	
sync_1973	yes	1	PF00148.25
sync_1974	yes	2	PF00148.25;PF08369.17
sync_1975	yes	3	PF00142.25;PF01656.30;PF13614.13
sync_1976	yes	1	PF00106.32
sync_1977	no	0	
sync_1978	yes	1	PF07465.19
sync_1979	yes	1	PF08847.17
sync_1980	no	0	
sync_1981	yes	1	PF01925.26
sync_1982	yes	1	PF21948.2
sync_1983	yes	1	PF02163.29
sync_1984	yes	1	PF00697.29
sync_1985	no	0	
sync_1986	yes	1	PF01227.28
sync_1987	yes	3	PF00106.32;PF08659.17;PF13561.13
sync_1988	yes	2	PF01039.28;PF03255.20
sync_1989	no	0	
sync_1990	yes	1	PF11266.16
sync_1991	yes	1	PF02633.20
sync_1993	yes	1	PF00575.30
sync_1994	yes	2	PF06485.18;PF20429.5
sync_1995	yes	1	PF02578.21
sync_1996	yes	2	PF21688.4;PF28550.1
sync_1997	no	0	
sync_1998	no	0	
sync_1999	yes	3	PF00205.29;PF02775.27;PF02776.24
sync_2000	yes	1	PF00762.25
sync_2001	yes	2	PF27132.1;PF27551.1
sync_2002	yes	5	PF01209.25;PF08241.19;PF08242.19;PF13489.13;PF13649.13
sync_2003	yes	1	PF02572.22
sync_2004	yes	1	PF00696.34
sync_2005	yes	1	PF01765.25
sync_2006	yes	2	PF01266.31;PF07992.21
sync_2007	yes	2	PF00875.25;PF03441.20
sync_2008	yes	1	PF00923.26
sync_2009	yes	2	PF00905.28;PF03717.21
sync_2010	no	0	
sync_2011	yes	1	PF02517.22
sync_2012	yes	1	PF00300.28
sync_2013	no	0	
sync_2014	yes	1	PF10502.15
sync_2015	no	0	
sync_2016	yes	1	PF03960.22
sync_2017	no	0	
sync_2018	yes	1	PF00719.25
sync_2019	no	0	
sync_2020	no	0	
sync_2021	yes	3	PF00587.31;PF03129.26;PF04073.21
sync_2022	yes	1	PF13326.12
sync_2023	yes	1	PF00709.28
sync_2024	yes	1	PF00294.30
sync_2025	yes	1	PF02571.21
sync_2026	yes	1	PF00436.32
sync_2027	no	0	
sync_2028	yes	1	PF11016.14
sync_2029	yes	1	PF00696.34
sync_2030	yes	1	PF11353.14
sync_2031	yes	4	PF00270.36;PF04851.22;PF17764.7;PF18074.7
sync_2032	yes	4	PF00140.26;PF04539.23;PF04542.21;PF04545.23
sync_2034	no	0	
sync_2035	no	0	
sync_2036	yes	2	PF01379.26;PF03900.21
sync_2037	yes	1	PF03734.20
sync_2038	no	0	
sync_2039	yes	1	PF00719.25
sync_2040	yes	1	PF02074.22
sync_2041	yes	1	PF20522.4
sync_2042	no	0	
sync_2043	no	0	
sync_2044	yes	1	PF01329.25
sync_2045	yes	2	PF02492.26;PF07683.20
sync_2046	no	0	
sync_2048	yes	1	PF00528.28
sync_2050	yes	1	PF03706.19
sync_2051	yes	1	PF01969.23
sync_2052	no	0	
sync_2053	no	0	
sync_2054	no	0	
sync_2055	no	0	
sync_2056	yes	1	PF03372.30
sync_2057	yes	2	PF01565.29;PF02913.25
sync_2058	yes	1	PF00202.28
sync_2059	yes	1	PF04966.19
sync_2060	yes	1	PF04338.19
sync_2061	yes	1	PF04461.19
sync_2062	no	0	
sync_2063	no	0	
sync_2064	no	0	
sync_2065	no	0	
sync_2068	no	0	
sync_2069	no	0	
sync_2071	no	0	
sync_2072	no	0	
sync_2073	yes	1	PF11302.16
sync_2074	no	0	
sync_2075	no	0	
sync_2077	yes	1	PF10989.14
sync_2080	yes	1	PF00171.28
sync_2082	no	0	
sync_2084	no	0	
sync_2085	no	0	
sync_2086	yes	1	PF00590.26
sync_2087	yes	1	PF00459.31
sync_2088	yes	5	PF00013.36;PF00575.30;PF01138.28;PF03725.21;PF03726.20
sync_2089	yes	1	PF00253.28
sync_2090	yes	2	PF02163.29;PF13180.13
sync_2091	yes	2	PF00587.31;PF02403.28
sync_2092	no	0	
sync_2093	yes	1	PF00004.36
sync_2094	yes	1	PF02620.23
sync_2095	yes	1	PF02096.27
sync_2096	yes	1	PF03703.21
sync_2097	yes	1	PF00825.25
sync_2098	yes	1	PF00468.23
sync_2099	yes	1	PF10989.14
sync_2100	yes	1	PF07736.17
sync_2101	yes	1	PF01343.24
sync_2102	yes	1	PF00892.27
sync_2103	yes	2	PF00534.27;PF13692.13
sync_2104	yes	1	PF13231.13
sync_2105	yes	1	PF05258.18
sync_2106	yes	1	PF04012.18
sync_2107	yes	1	PF00085.27
sync_2108	yes	1	PF00155.28
sync_2109	yes	1	PF03099.25
sync_2110	yes	1	PF01551.30
sync_2111	yes	2	PF00072.31;PF00486.35
sync_2112	yes	1	PF00005.34
sync_2113	yes	1	PF00361.26
sync_2114	yes	3	PF01131.26;PF01751.29;PF13368.12
sync_2117	yes	1	PF09991.15
sync_2118	no	0	
sync_2119	no	0	
sync_2120	yes	1	PF00248.28
sync_2121	yes	1	PF02577.20
sync_2122	yes	1	PF00677.24
sync_2123	yes	1	PF03729.19
sync_2124	yes	1	PF14250.12
sync_2125	yes	1	PF00510.24
sync_2126	yes	1	PF00115.26
sync_2127	yes	2	PF00116.27;PF02790.21
sync_2128	yes	1	PF02628.21
sync_2129	yes	1	PF01040.24
sync_2130	yes	1	PF00005.34
sync_2131	yes	2	PF01061.30;PF12698.14
sync_2132	no	0	
sync_2133	yes	1	PF04131.21
sync_2134	no	0	
sync_2135	yes	1	PF00118.30
sync_2136	no	0	
sync_2137	yes	3	PF00106.32;PF08659.17;PF13561.13
sync_2138	yes	3	PF02080.27;PF02254.25;PF07885.23
sync_2139	no	0	
sync_2140	yes	1	PF01128.26
sync_2141	yes	2	PF02016.22;PF17676.8
sync_2142	yes	1	PF01040.24
sync_2143	yes	2	PF02541.23;PF21447.4
sync_2144	yes	1	PF13413.13
sync_2146	yes	1	PF00590.26
sync_2147	yes	1	PF01790.24
sync_2148	yes	2	PF01333.26;PF16639.11
sync_2149	yes	2	PF00355.33;PF25471.2
sync_2150	yes	1	PF11267.14
sync_2151	yes	1	PF00902.24
sync_2152	yes	1	PF05833.17
sync_2153	yes	1	PF00625.28
sync_2154	yes	1	PF01701.24
sync_2155	yes	1	PF02507.21
sync_2156	yes	1	PF00814.32
sync_2157	no	0	
sync_2158	yes	1	PF00437.27
sync_2159	yes	1	PF02350.26
sync_2160	yes	1	PF07799.18
sync_2161	no	0	
sync_2162	yes	1	PF00999.27
sync_2163	yes	2	PF00749.28;PF19269.5
sync_2166	no	0	
sync_2168	yes	1	PF01245.27
sync_2169	no	0	
sync_2170	yes	1	PF00557.30
sync_2171	no	0	
sync_2172	yes	2	PF07085.18;PF13500.13
sync_2173	no	0	
sync_2174	yes	1	PF01124.24
sync_2176	yes	1	PF11691.14
sync_2179	no	0	
sync_2180	no	0	
sync_2184	no	0	
sync_2185	no	0	
sync_2187	no	0	
sync_2188	no	0	
sync_2190	yes	1	PF00749.28
sync_2191	yes	1	PF00216.27
sync_2192	no	0	
sync_2193	yes	1	PF00128.32
sync_2195	yes	2	PF07690.22;PF13347.13
sync_2196	yes	1	PF02405.22
sync_2197	yes	1	PF11317.14
sync_2198	yes	1	PF11285.14
sync_2199	yes	1	PF02660.21
sync_2200	yes	1	PF00215.31
sync_2201	yes	1	PF08450.19
sync_2202	no	0	
sync_2203	yes	1	PF00579.32
sync_2204	yes	1	PF08855.16
sync_2205	yes	1	PF00196.26
sync_2206	no	0	
sync_2207	no	0	
sync_2208	yes	2	PF00883.27;PF02789.24
sync_2209	no	0	
sync_2210	yes	1	PF01625.29
sync_2211	yes	1	PF02684.22
sync_2212	yes	1	PF13720.12
sync_2213	yes	2	PF07977.20;PF22818.3
sync_2214	yes	1	PF03331.20
sync_2215	yes	1	PF01103.30
sync_2216	yes	1	PF01259.25
sync_2217	no	0	
sync_2218	yes	3	PF01071.25;PF02843.23;PF02844.22
sync_2219	yes	4	PF00512.32;PF00672.31;PF02518.32;PF08448.17
sync_2220	yes	1	PF06745.20
sync_2221	yes	1	PF07689.19
sync_2222	yes	2	PF07688.18;PF21714.4
sync_2223	yes	1	PF00829.27
sync_2224	yes	1	PF01016.25
sync_2226	no	0	
sync_2227	no	0	
sync_2228	no	0	
sync_2229	yes	1	PF12833.14
sync_2230	no	0	
sync_2232	yes	2	PF08242.19;PF13489.13
sync_2233	yes	1	PF01509.24
sync_2234	yes	2	PF01709.27;PF20772.3
sync_2236	yes	1	PF11746.15
sync_2237	no	0	
sync_2238	no	0	
sync_2241	yes	2	PF00583.32;PF13508.14
sync_2245	yes	3	PF01968.25;PF02538.20;PF05378.20
sync_2246	yes	1	PF01182.27
sync_2248	yes	1	PF08486.16
sync_2249	yes	2	PF12706.14;PF23023.2
sync_2250	yes	1	PF14495.12
sync_2251	yes	1	PF00427.27
sync_2252	yes	1	PF07045.18
sync_2254	yes	1	PF00111.33
sync_2255	yes	2	PF05175.21;PF06325.20
sync_2256	yes	4	PF00389.37;PF01842.32;PF02826.26;PF19304.5
sync_2257	no	0	
sync_2258	yes	2	PF01479.31;PF21278.4
sync_2260	yes	2	PF08245.19;PF21799.3
sync_2265	yes	1	PF01878.25
sync_2266	no	0	
sync_2267	yes	1	PF10929.14
sync_2268	yes	1	PF08848.18
sync_2269	no	0	
sync_2270	no	0	
sync_2271	no	0	
sync_2272	no	0	
sync_2274	yes	1	PF02941.22
sync_2275	yes	1	PF00156.34
sync_2276	yes	2	PF01676.24;PF06415.19
sync_2277	yes	1	PF03840.20
sync_2281	yes	1	PF01741.24
sync_2282	yes	1	PF00118.30
sync_2283	yes	1	PF00166.27
sync_2284	yes	3	PF00006.32;PF02874.30;PF22919.2
sync_2285	yes	1	PF02823.22
sync_2286	yes	1	PF04839.19
sync_2287	yes	1	PF00923.26
sync_2288	no	0	
sync_2289	yes	1	PF01699.30
sync_2290	yes	2	PF00557.30;PF05195.23
sync_2291	yes	1	PF01595.26
sync_2292	yes	2	PF01926.30;PF05128.18
sync_2293	no	0	
sync_2294	yes	2	PF00795.28;PF02540.24
sync_2295	yes	2	PF01262.28;PF05222.22
sync_2296	yes	1	PF00881.30
sync_2297	no	0	
sync_2298	no	0	
sync_2299	yes	1	PF06298.17
sync_2300	no	0	
sync_2304	no	0	
sync_2306	yes	1	PF00421.25
sync_2307	yes	1	PF17775.8
sync_2308	yes	1	PF11805.14
sync_2309	no	0	
sync_2310	yes	1	PF00111.33
sync_2311	yes	1	PF13759.13
sync_2312	yes	1	PF00231.25
sync_2313	yes	3	PF00006.32;PF00306.33;PF02874.30
sync_2314	yes	1	PF00213.24
sync_2315	yes	1	PF00430.24
sync_2316	yes	1	PF00430.24
sync_2317	yes	1	PF00137.27
sync_2318	yes	1	PF00119.26
sync_2319	no	0	
sync_2320	yes	5	PF08241.19;PF08242.19;PF13489.13;PF13649.13;PF13847.13
sync_2323	yes	1	PF00502.26
sync_2324	yes	1	PF00502.26
sync_2325	yes	1	PF01383.28
sync_2326	yes	1	PF01098.25
sync_2327	yes	2	PF02683.23;PF13386.13
sync_2328	yes	1	PF05140.20
sync_2329	yes	1	PF14489.12
sync_2330	no	0	
sync_2331	yes	1	PF00543.28
sync_2332	yes	1	PF01728.26
sync_2333	no	0	
sync_2334	yes	2	PF00206.26;PF10397.15
sync_2335	no	0	
sync_2336	yes	2	PF00206.26;PF10415.15
sync_2337	yes	3	PF00270.36;PF04851.22;PF08148.18
sync_2338	yes	1	PF00155.28
sync_2339	no	0	
sync_2340	yes	2	PF08242.19;PF13489.13
sync_2341	yes	1	PF13500.13
sync_2342	no	0	
sync_2343	yes	1	PF00202.28
sync_2344	yes	1	PF11341.14
sync_2345	yes	1	PF00226.37
sync_2346	yes	1	PF02527.22
sync_2347	yes	1	PF00248.28
sync_2348	yes	1	PF13370.12
sync_2349	yes	1	PF06868.17
sync_2350	yes	1	PF11211.14
sync_2351	yes	1	PF13646.13
sync_2352	no	0	
sync_2353	yes	1	PF00474.24
sync_2354	yes	1	PF04055.28
sync_2355	no	0	
sync_2356	yes	2	PF04998.23;PF05000.23
sync_2357	yes	3	PF00623.26;PF04983.24;PF04997.18
sync_2358	yes	6	PF00562.34;PF04560.26;PF04561.20;PF04563.21;PF04565.22;PF10385.15
sync_2360	yes	1	PF01026.28
sync_2361	yes	1	PF01649.24
sync_2362	yes	1	PF00815.26
sync_2363	yes	1	PF06026.21
sync_2364	yes	4	PF00089.33;PF13180.13;PF13365.13;PF17820.8
sync_2365	no	0	
sync_2366	no	0	
sync_2367	no	0	
sync_2368	yes	1	PF04055.28
sync_2369	no	0	
sync_2370	yes	1	PF02576.23
sync_2371	yes	3	PF08529.17;PF13184.13;PF26594.2
sync_2372	yes	1	PF04296.19
sync_2373	yes	5	PF00009.34;PF01926.30;PF04760.22;PF11987.14;PF22042.3
sync_2375	yes	1	PF11998.14
sync_2377	no	0	
sync_2378	no	0	
sync_2380	yes	1	PF04087.20
sync_2381	no	0	
sync_2382	yes	3	PF00106.32;PF08659.17;PF13561.13
sync_2384	yes	1	PF00124.25
sync_2385	no	0	
sync_2386	no	0	
sync_2387	no	0	
sync_2388	no	0	
sync_2389	yes	2	PF04952.21;PF24827.2
sync_2390	yes	1	PF13410.12
sync_2391	yes	1	PF10063.15
sync_2392	yes	2	PF00005.34;PF16326.11
sync_2393	yes	1	PF02672.21
sync_2394	yes	2	PF01018.29;PF01926.30
sync_2395	yes	2	PF00005.34;PF08402.17
sync_2396	yes	2	PF00488.28;PF01713.28
sync_2397	yes	1	PF00903.32
sync_2398	yes	1	PF00490.28
sync_2399	yes	2	PF00226.37;PF01556.24
sync_2400	no	0	
sync_2401	yes	2	PF00916.27;PF01740.27
sync_2403	no	0	
sync_2404	yes	1	PF07864.17
sync_2405	yes	1	PF03734.20
sync_2408	no	0	
sync_2409	yes	1	PF02195.27
sync_2410	no	0	
sync_2411	no	0	
sync_2412	no	0	
sync_2413	no	0	
sync_2416	no	0	
sync_2417	no	0	
sync_2420	no	0	
sync_2423	no	0	
sync_2424	yes	1	PF00067.28
sync_2426	yes	1	PF02069.23
sync_2430	no	0	
sync_2431	no	0	
sync_2432	no	0	
sync_2434	yes	1	PF09055.17
sync_2435	no	0	
sync_2436	no	0	
sync_2437	yes	1	PF01925.26
sync_2439	no	0	
sync_2441	yes	1	PF05656.21
sync_2442	no	0	
sync_2443	yes	1	PF02535.29
sync_2444	no	0	
sync_2446	no	0	
sync_2447	no	0	
sync_2448	no	0	
sync_2450	yes	2	PF01170.25;PF02926.23
sync_2451	yes	1	PF07332.17
sync_2452	no	0	
sync_2453	no	0	
sync_2454	yes	3	PF02463.26;PF06470.19;PF13476.13
sync_2455	no	0	
sync_2456	yes	1	PF01641.27
sync_2457	no	0	
sync_2459	yes	3	PF00289.29;PF02785.26;PF02786.23
sync_2460	yes	1	PF02325.24
sync_2461	yes	1	PF06596.17
sync_2462	yes	1	PF07444.17
sync_2463	no	0	
sync_2464	no	0	
sync_2465	no	0	
sync_2466	yes	3	PF00005.34;PF05992.18;PF06472.21
sync_2467	yes	2	PF01230.30;PF11969.14
sync_2468	yes	4	PF01078.28;PF07728.21;PF13335.13;PF13541.13
sync_2470	yes	1	PF01165.26
sync_2471	yes	1	PF12565.14
sync_2472	no	0	
sync_2473	yes	1	PF01327.27
sync_2474	yes	1	PF00326.28
sync_2475	yes	1	PF00596.28
sync_2476	yes	1	PF01008.24
sync_2478	yes	1	PF07566.18
sync_2479	yes	3	PF08241.19;PF08242.19;PF13649.13
sync_2480	yes	1	PF00266.26
sync_2481	yes	1	PF01458.24
sync_2482	yes	1	PF00005.34
sync_2483	yes	2	PF01458.24;PF19295.6
sync_2484	yes	1	PF02943.21
sync_2485	no	0	
sync_2486	no	0	
sync_2487	yes	1	PF09367.17
sync_2488	yes	1	PF00427.27
sync_2489	yes	2	PF07498.19;PF16258.12
sync_2490	no	0	
sync_2491	yes	1	PF13091.13
sync_2492	yes	1	PF05982.18
sync_2493	no	0	
sync_2494	no	0	
sync_2497	yes	2	PF03209.22;PF07690.22
sync_2499	no	0	
sync_2500	yes	4	PF02878.23;PF02879.23;PF02880.23;PF24947.2
sync_2501	no	0	
sync_2502	yes	1	PF00873.26
sync_2503	yes	1	PF25917.1
sync_2504	yes	4	PF00004.36;PF05496.19;PF12002.14;PF16193.12
sync_2505	no	0	
sync_2506	no	0	
sync_2507	no	0	
sync_2508	yes	2	PF00578.28;PF08534.17
sync_2509	yes	1	PF03309.21
sync_2510	yes	1	PF01507.26
sync_2511	yes	1	PF07992.21
sync_2512	yes	3	PF01926.30;PF13167.12;PF16360.11
sync_2513	no	0	
sync_2514	yes	1	PF02386.23
sync_2515	yes	2	PF02080.27;PF02254.25
sync_2516	yes	1	PF03702.21
sync_2517	yes	1	PF07878.18
sync_2520	no	0	
sync_2521	no	0	
sync_2522	yes	2	PF00005.34;PF12848.14
sync_2523	yes	5	PF00089.33;PF00595.30;PF13180.13;PF13365.13;PF17820.8
sync_2524	yes	1	PF11189.14
sync_2525	no	0	
sync_2527	yes	3	PF00270.36;PF00271.38;PF08482.16
sync_2528	no	0	
sync_2529	no	0	
sync_2530	yes	2	PF02601.21;PF13742.13
sync_2531	no	0	
sync_2532	yes	1	PF11196.14
sync_2533	no	0	
sync_2534	yes	1	PF03631.21
sync_2540	yes	1	PF00459.31
sync_2541	yes	1	PF02321.24
sync_2542	yes	3	PF04459.18;PF17820.8;PF19238.6
sync_2543	yes	1	PF02673.25
sync_2544	yes	1	PF11318.15
sync_2545	yes	1	PF06514.18
sync_2546	yes	1	PF00890.31
sync_2547	yes	1	PF07884.20
sync_2548	yes	3	PF00919.27;PF04055.28;PF18693.8
sync_2549	yes	2	PF05977.20;PF07690.22
sync_2551	yes	3	PF02310.25;PF04055.28;PF13282.12
sync_2552	yes	1	PF14251.13
sync_2553	yes	2	PF04339.19;PF13480.14
sync_2554	no	0	
sync_2555	yes	1	PF01872.23
sync_2556	yes	1	PF01242.25
sync_2557	yes	1	PF01202.29
sync_2558	yes	1	PF12095.14
sync_2559	yes	1	PF20670.4
sync_2560	yes	3	PF02798.27;PF13409.13;PF13417.13
sync_2561	yes	1	PF05421.17
sync_2562	yes	1	PF02033.24
sync_2563	yes	2	PF00933.28;PF18034.7
sync_2564	yes	2	PF00515.35;PF00535.33
sync_2565	yes	1	PF02602.21
sync_2566	no	0	
sync_2567	yes	2	PF03364.26;PF10604.16
sync_2568	yes	2	PF01593.31;PF13450.13
sync_2569	yes	1	PF01521.27
sync_2570	no	0	
sync_2571	no	0	
sync_2572	no	0	
sync_2573	yes	2	PF01370.28;PF08338.17
sync_2574	yes	1	PF00999.27
sync_2575	yes	1	PF11910.15
sync_2576	yes	1	PF00226.37
sync_2577	yes	1	PF00291.32
sync_2579	yes	2	PF00395.26;PF04966.19
sync_2581	yes	2	PF00395.26;PF04966.19
sync_2583	no	0	
sync_2584	no	0	
sync_2585	yes	1	PF09852.16
sync_2586	yes	1	PF00124.25
sync_2587	yes	1	PF26132.1
sync_2588	yes	1	PF00005.34
sync_2591	yes	2	PF00072.31;PF00486.35
sync_2592	yes	1	PF13177.13
sync_2593	yes	1	PF02223.24
sync_2594	yes	3	PF00122.26;PF00403.33;PF00702.33
sync_2595	no	0	
sync_2596	yes	3	PF03796.22;PF13481.13;PF18073.8
sync_2597	yes	2	PF00072.31;PF00486.35
sync_2598	yes	1	PF02504.21
sync_2599	yes	2	PF08541.17;PF08545.17
sync_2600	yes	1	PF00698.27
sync_2601	yes	1	PF01553.27
sync_2602	yes	1	PF02698.24
sync_2603	yes	1	PF00814.32
sync_2604	yes	1	PF10718.15
sync_2605	yes	2	PF01743.27;PF12627.13
sync_2606	yes	1	PF00076.29
sync_2607	yes	1	PF00494.25
sync_2608	yes	2	PF01593.31;PF13450.13
sync_2609	yes	1	PF10664.16
sync_2610	yes	1	PF11371.14
sync_2611	yes	2	PF00126.34;PF03466.26
sync_2612	yes	1	PF07298.17
sync_2613	yes	2	PF00361.26;PF00662.27
sync_2614	yes	1	PF00361.26
sync_2615	yes	1	PF06305.17
sync_2616	yes	1	PF02616.20
sync_2617	yes	1	PF00483.30
sync_2618	yes	1	PF02219.24
sync_2619	yes	1	PF00196.26
sync_2620	no	0	
sync_2621	yes	2	PF01513.27;PF20143.5
sync_2622	yes	1	PF00420.30
sync_2623	yes	1	PF00499.26
sync_2624	yes	1	PF12838.13
sync_2625	yes	1	PF00146.27
sync_2626	yes	1	PF00285.27
sync_2627	no	0	
sync_2628	yes	1	PF11832.14
sync_2629	yes	1	PF00581.26
sync_2630	yes	1	PF01628.28
sync_2631	yes	1	PF13458.13
sync_2632	no	0	
sync_2633	yes	1	PF00291.32
sync_2634	yes	6	PF01209.25;PF08241.19;PF08242.19;PF13489.13;PF13649.13;PF13847.13
sync_2635	yes	1	PF01253.28
sync_2636	yes	1	PF01583.27
sync_2637	yes	1	PF01594.23
sync_2638	yes	1	PF00731.27
sync_2639	no	0	
sync_2640	yes	4	PF07109.18;PF08241.19;PF08242.19;PF13649.13
sync_2641	yes	1	PF00849.28
sync_2642	yes	2	PF00072.31;PF00196.26
sync_2643	no	0	
sync_2644	yes	1	PF00266.26
sync_2645	no	0	
sync_2646	yes	1	PF04306.20
sync_2647	yes	1	PF01795.26
sync_2648	yes	1	PF00346.25
sync_2649	yes	1	PF10825.14
sync_2650	yes	1	PF13279.13
sync_2651	no	0	
sync_2652	yes	1	PF05154.22
sync_2653	yes	1	PF00501.35
sync_2654	yes	1	PF13378.13
sync_2655	yes	1	PF01040.24
sync_2656	yes	1	PF00425.25
sync_2657	yes	3	PF02951.21;PF02955.22;PF08443.17
sync_2658	yes	1	PF00462.31
sync_2660	yes	1	PF11688.14
sync_2661	yes	1	PF02130.25
sync_2662	yes	1	PF01219.25
sync_2663	yes	1	PF00117.35
sync_2664	yes	1	PF13483.13
sync_2665	yes	2	PF00710.26;PF17763.7
sync_2666	yes	1	PF00155.28
sync_2667	yes	3	PF00750.26;PF03485.22;PF05746.22
sync_2668	no	0	
sync_2669	yes	2	PF00465.26;PF25137.1
sync_2670	yes	1	PF03992.23
sync_2671	yes	2	PF00563.26;PF00990.27
sync_2672	yes	1	PF00067.28
sync_2673	yes	1	PF21105.4
sync_2674	no	0	
sync_2675	no	0	
sync_2676	no	0	
sync_2677	no	0	
sync_2678	yes	2	PF00463.28;PF13714.13
sync_2679	yes	1	PF01425.27
sync_2681	no	0	
sync_2682	yes	2	PF14231.12;PF14232.12
sync_2683	no	0	
sync_2684	yes	1	PF09995.16
sync_2685	yes	1	PF00924.25
sync_2686	no	0	
sync_2687	no	0	
sync_2689	yes	1	PF06977.18
sync_2691	no	0	
sync_2692	yes	2	PF01729.26;PF02749.23
sync_2693	yes	1	PF04909.21
sync_2696	yes	1	PF01894.23
sync_2697	no	0	
sync_2698	no	0	
sync_2699	yes	3	PF01926.30;PF10396.15;PF12631.13
sync_2700	yes	1	PF09835.15
sync_2701	yes	1	PF02696.20
sync_2702	yes	7	PF01966.29;PF02824.28;PF04607.24;PF13291.13;PF13328.13;PF19296.6;PF28438.1
sync_2703	yes	1	PF00005.34
sync_2705	yes	1	PF00553.26
sync_2706	yes	2	PF00849.28;PF01479.31
sync_2707	yes	1	PF01926.30
sync_2708	yes	1	PF00582.33
sync_2709	yes	1	PF00162.25
sync_2710	no	0	
sync_2712	yes	2	PF03446.22;PF14833.12
sync_2713	no	0	
sync_2714	yes	2	PF03033.27;PF04101.23
sync_2715	yes	1	PF00155.28
sync_2716	yes	1	PF00805.29
sync_2717	yes	1	PF00263.27
sync_2718	no	0	
sync_2719	no	0	
sync_2720	no	0	
sync_2721	yes	1	PF01180.28
sync_2722	yes	1	PF00075.31
sync_2723	yes	1	PF12565.14
sync_2724	yes	2	PF00542.25;PF16320.11
sync_2725	yes	1	PF00466.26
sync_2726	yes	1	PF00687.27
sync_2727	yes	2	PF00298.25;PF03946.20
sync_2728	yes	1	PF02357.25
sync_2729	no	0	
sync_2730	yes	6	PF00004.36;PF02861.26;PF07724.21;PF07728.21;PF10431.16;PF17871.8
sync_2731	yes	2	PF00903.32;PF13669.13
sync_2732	yes	2	PF00113.29;PF03952.22
sync_2733	yes	1	PF03109.23
sync_2734	no	0	
sync_2735	no	0	
sync_2736	yes	1	PF01960.24
sync_2737	yes	1	PF01121.27
sync_2738	no	0	
sync_2739	yes	2	PF02637.24;PF02934.21
sync_2740	yes	1	PF01266.31
sync_2741	yes	1	PF00334.25
sync_2742	yes	3	PF02784.23;PF17810.7;PF17944.7
sync_2743	yes	1	PF11750.14
sync_2744	yes	1	PF00027.36
sync_2745	yes	2	PF00211.26;PF05226.17
sync_2748	no	0	
sync_2749	no	0	
sync_2759	no	0	
sync_2764	no	0	
sync_2765	yes	2	PF00027.36;PF13545.13
sync_2766	yes	1	PF00873.26
sync_2767	no	0	
sync_2768	yes	3	PF01411.25;PF02272.25;PF07973.20
sync_2769	no	0	
sync_2770	yes	3	PF00176.30;PF00271.38;PF12419.14
sync_2771	no	0	
sync_2772	yes	1	PF08670.18
sync_2773	yes	1	PF01566.26
sync_2775	yes	1	PF00011.28
sync_2776	yes	1	PF03480.19
sync_2777	yes	1	PF04290.19
sync_2778	yes	1	PF06808.19
sync_2779	yes	3	PF00753.34;PF01613.25;PF19583.6
sync_2780	yes	2	PF00258.31;PF01613.25
sync_2781	yes	2	PF00301.26;PF02915.24
sync_2782	yes	1	PF01638.24
sync_2783	yes	2	PF02525.23;PF03358.21
sync_2784	yes	1	PF02678.23
sync_2786	no	0	
sync_2787	no	0	
sync_2788	yes	2	PF02347.23;PF21478.4
sync_2789	yes	1	PF01597.26
sync_2790	yes	1	PF06838.18
sync_2791	yes	1	PF00487.31
sync_2792	no	0	
sync_2793	yes	1	PF00487.31
sync_2794	yes	2	PF01281.26;PF03948.20
sync_2795	yes	3	PF00772.27;PF03796.22;PF13481.13
sync_2796	yes	3	PF01134.29;PF13932.16;PF21680.3
sync_2797	no	0	
sync_2798	yes	1	PF01551.30
sync_2801	yes	1	PF01947.22
sync_2802	no	0	
sync_2803	yes	1	PF06897.18
sync_2804	no	0	
sync_2805	no	0	
sync_2806	yes	6	PF00533.34;PF01653.24;PF03119.22;PF03120.23;PF12826.14;PF22745.3
sync_2807	yes	1	PF04087.20
sync_2808	no	0	
sync_2809	yes	1	PF09335.17
sync_2811	yes	1	PF13416.12
sync_2812	yes	2	PF00924.25;PF21082.3
sync_2813	yes	1	PF06182.18
sync_2814	yes	1	PF06182.18
sync_2815	yes	2	PF00005.34;PF13304.13
sync_2816	yes	1	PF01636.30
sync_2817	no	0	
sync_2818	yes	1	PF21082.3
sync_2819	yes	1	PF12974.13
sync_2820	yes	2	PF00563.26;PF00990.27
sync_2824	yes	2	PF00924.25;PF21082.3
sync_2825	yes	3	PF00133.29;PF08264.20;PF10458.15
sync_2826	no	0	
sync_2827	no	0	
sync_2828	no	0	
sync_2829	no	0	
sync_2830	yes	2	PF00106.32;PF13561.13
sync_2831	yes	1	PF01475.26
sync_2832	no	0	
sync_2833	no	0	
sync_2835	no	0	
sync_2838	no	0	
sync_2839	no	0	
sync_2841	yes	1	PF00111.33
sync_2842	no	0	
sync_2843	no	0	
sync_2845	yes	1	PF09988.16
sync_2846	yes	1	PF03819.23
sync_2847	yes	1	PF00472.27
sync_2848	no	0	
sync_2849	no	0	
sync_2850	yes	1	PF01564.24
sync_2851	yes	1	PF00491.27
sync_2853	yes	2	PF01571.27;PF08669.18
sync_2854	yes	3	PF00152.26;PF01336.32;PF02938.20
sync_2855	yes	4	PF00140.26;PF04539.23;PF04542.21;PF04545.23
sync_2856	yes	1	PF00210.31
sync_2857	yes	2	PF00106.32;PF13561.13
sync_2858	yes	2	PF00117.35;PF06418.21
sync_2859	no	0	
sync_2860	no	0	
sync_2861	yes	2	PF00005.34;PF00664.29
sync_2862	yes	1	PF26002.1
sync_2863	yes	1	PF03974.19
sync_2864	yes	1	PF06508.20
sync_2865	yes	1	PF00425.25
sync_2866	yes	1	PF01063.25
sync_2867	yes	2	PF00324.28;PF13520.13
sync_2868	yes	1	PF00005.34
sync_2869	yes	2	PF00005.34;PF12399.15
sync_2870	yes	1	PF02653.22
sync_2871	yes	1	PF02653.22
sync_2872	yes	2	PF13433.13;PF13458.13
sync_2873	yes	1	PF02492.26
sync_2874	yes	1	PF01730.22
sync_2875	yes	1	PF05194.18
sync_2876	yes	1	PF01774.23
sync_2877	yes	1	PF00547.24
sync_2878	yes	1	PF00699.26
sync_2879	yes	2	PF00449.27;PF01979.27
sync_2880	yes	1	PF00117.35
sync_2881	yes	2	PF04174.19;PF14403.12
sync_2882	yes	1	PF04168.18
sync_2883	yes	2	PF01841.26;PF08379.16
sync_2884	no	0	
sync_2885	yes	2	PF04055.28;PF06463.19
sync_2886	yes	1	PF12804.14
sync_2887	yes	1	PF07690.22
sync_2888	yes	3	PF00384.28;PF01568.28;PF04879.22
sync_2889	yes	1	PF09655.16
sync_2890	no	0	
sync_2891	yes	1	PF01967.28
sync_2892	yes	3	PF00994.30;PF03453.23;PF03454.21
sync_2893	yes	1	PF02391.23
sync_2894	yes	1	PF02597.27
sync_2896	yes	1	PF00590.26
sync_2897	no	0	
sync_2898	yes	2	PF01077.28;PF03460.23
sync_2899	yes	1	PF01226.24
sync_2900	no	0	
sync_2901	yes	2	PF02560.20;PF21291.4
sync_2904	yes	1	PF02885.23
sync_2905	yes	3	PF07690.22;PF12832.14;PF13347.13
sync_2906	yes	4	PF02503.23;PF13089.12;PF13090.13;PF17941.8
sync_2907	yes	4	PF00140.26;PF04539.23;PF04542.21;PF04545.23
sync_2908	no	0	
sync_2909	yes	1	PF00793.27
sync_2910	yes	3	PF00330.26;PF06434.20;PF11791.15
sync_2911	yes	1	PF00654.26
sync_2914	yes	2	PF00082.28;PF03160.21
sync_2915	yes	2	PF04055.28;PF19864.6
sync_2916	yes	1	PF04932.21
sync_2917	yes	1	PF00551.25
sync_2918	yes	1	PF05757.17
sync_2919	yes	1	PF01266.31
sync_2920	yes	2	PF01547.31;PF12849.13
sync_2921	yes	2	PF01757.29;PF19040.7
sync_2922	no	0	
sync_2923	yes	2	PF00012.27;PF06723.20
sync_2924	yes	2	PF08501.17;PF18317.7
sync_2925	yes	1	PF16166.11
sync_2926	yes	1	PF01250.23
sync_2927	no	0	
sync_2928	yes	2	PF00764.26;PF20979.3
sync_2929	no	0	
sync_2930	yes	1	PF11332.14
sync_2931	yes	1	PF00953.27
sync_2932	yes	1	PF03797.26
sync_2933	no	0	
sync_2934	no	0	
sync_2935	yes	5	PF02222.28;PF02786.23;PF07478.19;PF21244.4;PF22660.3
sync_2936	yes	6	PF00534.27;PF00862.27;PF05116.20;PF13439.13;PF13579.13;PF13692.13
sync_2938	no	0	
sync_2939	yes	2	PF17755.7;PF17760.7
sync_2940	yes	2	PF02463.26;PF13476.13
sync_2941	yes	1	PF03109.23
sync_2942	yes	1	PF07176.18
sync_2943	yes	1	PF00291.32
